brain_tumor_rn18_10,0.5142393112182617,0.7228991389274597,-0.0,7,1000,785.8885600566864
brain_tumor_rn18_10,0.5140212178230286,0.7224235534667969,-0.0,11,1000,798.1321496963501
brain_tumor_rn18_10,0.5140798091888428,0.7225511074066162,-0.0,24,1000,825.1183409690857
brain_tumor_rn18_10,0.5145685076713562,0.7236186265945435,-0.0,28,1000,830.7516355514526
brain_tumor_rn18_10,0.5140864849090576,0.7225658893585205,-0.0,12,1000,825.6679003238678
brain_tumor_rn18_10,0.5164213180541992,0.7276957631111145,-0.0,29,1000,848.6580941677094
brain_tumor_rn18_10,0.5138911008834839,0.7221398949623108,-0.0,8,1000,834.966805934906
brain_tumor_rn18_10,0.515833854675293,0.7263977527618408,-0.0,19,1000,827.4114859104156
brain_tumor_rn18_10,0.5140566825866699,0.7225008010864258,-0.0,6,1000,842.144891500473
brain_tumor_rn18_10,0.5139224529266357,0.7222079634666443,-0.0,5,1000,874.6702561378479
brain_tumor_rn18_10,0.5158109664916992,0.7263474464416504,-0.0,2,1000,826.0226910114288
brain_tumor_rn18_10,0.5150874853134155,0.7247557044029236,-0.0,3,1000,858.0972182750702
brain_tumor_rn18_10,0.5134114027023315,0.7210963368415833,-0.0,26,1000,864.9755532741547
brain_tumor_rn18_10,0.5157020092010498,0.7261070609092712,-0.0,23,1000,852.9696807861328
brain_tumor_rn18_10,0.515904426574707,0.7265534996986389,-0.0,16,1000,834.1075699329376
brain_tumor_rn18_10,0.5143974423408508,0.7232446074485779,-0.0,0,1000,850.2734174728394
brain_tumor_rn18_10,0.5154329538345337,0.725514829158783,-0.0,21,1000,847.160567522049
brain_tumor_rn18_10,0.5142879486083984,0.7230054140090942,-0.0,1,1000,861.7565758228302
brain_tumor_rn18_10,0.5144842863082886,0.7234343886375427,-0.0,17,1000,883.0997309684753
brain_tumor_rn18_10,0.5153495669364929,0.7253313660621643,-0.0,27,1000,861.3409538269043
brain_tumor_rn18_10,0.5136655569076538,0.7216489315032959,-0.0,15,1000,839.4804849624634
brain_tumor_rn18_10,0.5139986276626587,0.7223742008209229,-0.0,22,1000,864.4656984806061
brain_tumor_rn18_10,0.5160875916481018,0.7269578576087952,-0.0,14,1000,838.9481174945831
brain_tumor_rn18_10,0.5141410827636719,0.7226848006248474,-0.0,25,1000,872.5837759971619
brain_tumor_rn18_10,0.5164003372192383,0.7276492714881897,-0.0,4,1000,888.9802210330963
brain_tumor_rn18_10,0.5151029229164124,0.7247897386550903,-0.0,18,1000,862.4704401493073
brain_tumor_rn18_10,0.5137640237808228,0.7218630909919739,-0.0,13,1000,883.8261375427246
brain_tumor_rn18_10,0.5142566561698914,0.7229371070861816,-0.0,10,1000,877.4845795631409
brain_tumor_rn18_10,0.5157065391540527,0.7261171936988831,-0.0,20,1000,858.5945343971252
brain_tumor_rn18_10,0.514692485332489,0.7238898277282715,-0.0,9,1000,895.3768489360809
brain_tumor_rn18_50,0.5164851546287537,0.7278370261192322,-0.0,0,1000,1218.197014093399
brain_tumor_rn18_50,0.5138665437698364,0.7220863103866577,-0.0,1,1000,1260.510498046875
brain_tumor_rn18_50,0.5154634118080139,0.7255818247795105,-0.0,3,1000,818.7554745674133
brain_tumor_rn18_50,0.513326108455658,0.7209112644195557,-0.0,2,1000,883.0410363674164
brain_tumor_rn18_50,0.5135272741317749,0.7213483452796936,-0.0,4,1000,844.2543563842773
brain_tumor_rn18_50,0.5134080052375793,0.7210891842842102,-0.0,5,1000,844.6821346282959
brain_tumor_rn18_50,0.51558917760849,0.7258586287498474,-0.0,14,1000,831.2799835205078
brain_tumor_rn18_50,0.5128617882728577,0.719904899597168,-0.0,26,1000,825.0056657791138
brain_tumor_rn18_50,0.5147229433059692,0.7239564657211304,-0.0,22,1000,836.9866271018982
brain_tumor_rn18_50,0.5141746997833252,0.7227582931518555,-0.0,16,1000,848.0879998207092
brain_tumor_rn18_50,0.5158268213272095,0.7263822555541992,-0.0,8,1000,865.4185495376587
brain_tumor_rn18_50,0.5145788788795471,0.7236412763595581,-0.0,23,1000,855.3995144367218
brain_tumor_rn18_50,0.5151445865631104,0.7248811721801758,-0.0,28,1000,858.0322835445404
brain_tumor_rn18_50,0.5140982866287231,0.7225916385650635,-0.0,20,1000,870.9165818691254
brain_tumor_rn18_50,0.5163474082946777,0.7275320887565613,-0.0,12,1000,891.4293253421783
brain_tumor_rn18_50,0.5167619585990906,0.72845059633255,-0.0,18,1000,879.3377387523651
brain_tumor_rn18_50,0.5167552828788757,0.7284356951713562,-0.0,7,1000,902.7333042621613
brain_tumor_rn18_50,0.5166611671447754,0.7282271981239319,-0.0,27,1000,874.6739478111267
brain_tumor_rn18_50,0.5133371353149414,0.7209353446960449,-0.0,13,1000,909.8226494789124
brain_tumor_rn18_50,0.5166247487068176,0.7281461954116821,-0.0,21,1000,910.4902484416962
brain_tumor_rn18_50,0.5158681273460388,0.7264732718467712,-0.0,24,1000,902.6839554309845
brain_tumor_rn18_50,0.5134584307670593,0.7211986780166626,-0.0,19,1000,917.7784433364868
brain_tumor_rn18_50,0.5168104767799377,0.7285582423210144,-0.0,29,1000,912.2885160446167
brain_tumor_rn18_50,0.5158530473709106,0.7264400124549866,-0.0,17,1000,926.1962313652039
brain_tumor_rn18_50,0.514299750328064,0.7230313420295715,-0.0,6,1000,981.969233751297
brain_tumor_rn18_50,0.514957070350647,0.7244696617126465,-0.0,25,1000,933.588897228241
brain_tumor_rn18_50,0.513844907283783,0.7220392823219299,-0.0,11,1000,965.056718826294
brain_tumor_rn18_50,0.5158898830413818,0.726521372795105,-0.0,15,1000,969.9980003833771
brain_tumor_rn18_50,0.5136736035346985,0.7216664552688599,-0.0,10,1000,979.1247823238373
brain_tumor_rn18_50,0.513272762298584,0.7207955718040466,-0.0,9,1000,979.2183258533478
brain_tumor_rn18_100,0.5138375759124756,0.7220232486724854,-0.0,0,1000,1209.636373758316
brain_tumor_rn18_100,0.5140243768692017,0.7224303483963013,-0.0,1,1000,1221.6475477218628
brain_tumor_rn18_100,0.5134696960449219,0.7212230563163757,-0.0,2,1000,1219.4375157356262
brain_tumor_rn18_100,0.5141379833221436,0.7226780652999878,-0.0,3,1000,1220.7682735919952
brain_tumor_rn18_100,0.513816773891449,0.7219780683517456,-0.0,5,1000,1115.8792116641998
brain_tumor_rn18_100,0.5139545202255249,0.7222779989242554,-0.0,4,1000,1173.454021692276
brain_tumor_rn18_100,0.5153264403343201,0.7252805233001709,-0.0,6,1000,1144.3137831687927
brain_tumor_rn18_100,0.5155280828475952,0.7257242798805237,-0.0,12,1000,1113.2791683673859
brain_tumor_rn18_100,0.5154962539672852,0.7256540656089783,-0.0,20,1000,1135.0899860858917
brain_tumor_rn18_100,0.514059841632843,0.7225077748298645,-0.0,19,1000,1153.2221240997314
brain_tumor_rn18_100,0.5138062834739685,0.7219551205635071,-0.0,10,1000,1225.847214460373
brain_tumor_rn18_100,0.5155544281005859,0.7257820963859558,-0.0,14,1000,1200.6949446201324
brain_tumor_rn18_100,0.5155524015426636,0.7257776856422424,-0.0,9,1000,1265.1091802120209
brain_tumor_rn18_100,0.5151959657669067,0.7249939441680908,-0.0,7,1000,1325.9181070327759
brain_tumor_rn18_100,0.5143278241157532,0.7230924963951111,-0.0,8,1000,1348.7637457847595
brain_tumor_rn18_100,0.5134484767913818,0.7211769819259644,-0.0,17,1000,1275.5194115638733
brain_tumor_rn18_100,0.5156944990158081,0.7260905504226685,-0.0,13,1000,1377.7569663524628
brain_tumor_rn18_100,0.5156396627426147,0.7259699702262878,-0.0,23,1000,1335.7768549919128
brain_tumor_rn18_100,0.5139827132225037,0.7223395109176636,-0.0,21,1000,1372.6641774177551
brain_tumor_rn18_100,0.5159505605697632,0.7266552448272705,-0.0,11,1000,1475.7082736492157
brain_tumor_rn18_100,0.5139638185501099,0.722298264503479,-0.0,22,1000,1424.194659948349
brain_tumor_rn18_100,0.5152594447135925,0.7251334190368652,-0.0,15,1000,1471.662439584732
brain_tumor_rn18_100,0.5141577124595642,0.7227209210395813,-0.0,25,1000,1458.3446052074432
brain_tumor_rn18_100,0.5153011679649353,0.7252250909805298,-0.0,28,1000,1419.7927629947662
brain_tumor_rn18_100,0.5156571269035339,0.7260082960128784,-0.0,16,1000,1546.6307878494263
brain_tumor_rn18_100,0.5149433612823486,0.7244396805763245,-0.0,29,1000,1502.0131783485413
brain_tumor_rn18_100,0.515352189540863,0.7253373265266418,-0.0,18,1000,1583.9248442649841
brain_tumor_rn18_100,0.5156890153884888,0.7260785102844238,-0.0,27,1000,1534.28262591362
brain_tumor_rn18_100,0.516188383102417,0.7271804213523865,-0.0,24,1000,1565.6992139816284
brain_tumor_rn18_100,0.5136727094650269,0.7216643691062927,-0.0,26,1000,1553.4124820232391
brain_tumor_rn18_250,0.5142978429794312,0.7230268716812134,-0.0,0,1000,2772.2346835136414
brain_tumor_rn18_250,0.5155181288719177,0.725702166557312,-0.0,1,1000,2928.78151345253
brain_tumor_rn18_250,0.5147603750228882,0.7240386009216309,-0.0,2,1000,2764.4025859832764
brain_tumor_rn18_250,0.5139609575271606,0.7222920656204224,-0.0,3,1000,2770.708400964737
brain_tumor_rn18_250,0.5144387483596802,0.7233349084854126,-0.0,4,1000,2731.3956632614136
brain_tumor_rn18_250,0.5142073631286621,0.7228294014930725,-0.0,5,1000,2779.6325488090515
brain_tumor_rn18_250,0.5150972008705139,0.7247772216796875,-0.0,8,1000,2725.1080746650696
brain_tumor_rn18_250,0.5142783522605896,0.7229844927787781,-0.0,6,1000,2847.629929304123
brain_tumor_rn18_250,0.5152131915092468,0.7250316739082336,-0.0,12,1000,2586.6847858428955
brain_tumor_rn18_250,0.5140448808670044,0.722474992275238,-0.0,11,1000,2667.4528815746307
brain_tumor_rn18_250,0.514340877532959,0.7231209874153137,-0.0,7,1000,2927.681967973709
brain_tumor_rn18_250,0.5150456428527832,0.7246640920639038,-0.0,15,1000,2661.102495908737
brain_tumor_rn18_250,0.5144004821777344,0.723251223564148,-0.0,14,1000,2691.8913712501526
brain_tumor_rn18_250,0.5150304436683655,0.7246307134628296,-0.0,10,1000,2760.612410545349
brain_tumor_rn18_250,0.5154600739479065,0.7255745530128479,-0.0,17,1000,2671.9084408283234
brain_tumor_rn18_250,0.5154987573623657,0.7256597280502319,-0.0,26,1000,2408.796201944351
brain_tumor_rn18_250,0.5153213739395142,0.7252695560455322,-0.0,24,1000,2482.0477459430695
brain_tumor_rn18_250,0.5141322016716003,0.7226653695106506,-0.0,18,1000,2635.234062433243
brain_tumor_rn18_250,0.5140947699546814,0.7225837707519531,-0.0,9,1000,2904.3393359184265
brain_tumor_rn18_250,0.5151658654212952,0.7249279022216797,-0.0,16,1000,2746.1848492622375
brain_tumor_rn18_250,0.515306293964386,0.7252364158630371,-0.0,21,1000,2601.121332168579
brain_tumor_rn18_250,0.5154452919960022,0.7255420088768005,-0.0,19,1000,2660.714743375778
brain_tumor_rn18_250,0.5150585174560547,0.7246922254562378,-0.0,25,1000,2539.698373556137
brain_tumor_rn18_250,0.5142424702644348,0.7229061126708984,-0.0,28,1000,2487.2944118976593
brain_tumor_rn18_250,0.514834463596344,0.7242009043693542,-0.0,22,1000,2646.4494791030884
brain_tumor_rn18_250,0.5148475766181946,0.7242297530174255,-0.0,13,1000,2920.5017714500427
brain_tumor_rn18_250,0.5153944492340088,0.7254301309585571,-0.0,20,1000,2711.1806423664093
brain_tumor_rn18_250,0.5152403712272644,0.7250915169715881,-0.0,27,1000,2566.9086453914642
brain_tumor_rn18_250,0.5144145488739014,0.723281979560852,-0.0,23,1000,2719.349893808365
brain_tumor_rn18_250,0.5146104693412781,0.7237105369567871,-0.0,29,1000,2673.0684843063354
brain_tumor_rn34_10,0.5134239792823792,0.7211236953735352,-0.0,0,1000,640.7475097179413
brain_tumor_rn34_10,0.5135391354560852,0.7213740348815918,-0.0,1,1000,600.0146374702454
brain_tumor_rn34_10,0.5160841345787048,0.7269501686096191,-0.0,2,1000,584.1009414196014
brain_tumor_rn34_10,0.5147944092750549,0.7241131663322449,-0.0,3,1000,569.122900724411
brain_tumor_rn34_10,0.5132748484611511,0.7208001017570496,-0.0,4,1000,487.65765357017517
brain_tumor_rn34_10,0.5134409070014954,0.7211605310440063,-0.0,5,1000,586.6633307933807
brain_tumor_rn18_500,0.5145076513290405,0.7234854698181152,-0.0,0,1000,4578.029202461243
brain_tumor_rn18_500,0.5149917602539062,0.7245457768440247,-0.0,1,1000,5023.39772439003
brain_tumor_rn34_10,0.5147598385810852,0.724037230014801,-0.0,6,1000,674.455050945282
brain_tumor_rn34_10,0.5155039429664612,0.7256709933280945,-0.0,7,1000,697.8569693565369
brain_tumor_rn34_10,0.5155795812606812,0.7258375883102417,-0.0,8,1000,702.7881810665131
brain_tumor_rn34_10,0.5158548951148987,0.7264441847801208,-0.0,9,1000,641.1012535095215
brain_tumor_rn34_10,0.5143773555755615,0.7232005596160889,-0.0,10,1000,635.4968483448029
brain_tumor_rn34_10,0.5163124203681946,0.7274547219276428,-0.0,11,1000,625.9482364654541
brain_tumor_rn18_500,0.514671802520752,0.7238449454307556,-0.0,2,1000,4747.12993812561
brain_tumor_rn34_10,0.5148082375526428,0.724143385887146,-0.0,12,1000,715.6573860645294
brain_tumor_rn18_500,0.5149289965629578,0.7244080305099487,-0.0,3,1000,4860.213740825653
brain_tumor_rn34_10,0.5141908526420593,0.7227934002876282,-0.0,13,1000,611.1334555149078
brain_tumor_rn34_10,0.5157325863838196,0.7261746525764465,-0.0,14,1000,574.4966742992401
brain_tumor_rn18_500,0.5145732760429382,0.7236289978027344,-0.0,5,1000,5009.6580328941345
brain_tumor_rn34_10,0.5147067308425903,0.7239210605621338,-0.0,15,1000,597.0114068984985
brain_tumor_rn18_500,0.5143934488296509,0.7232359051704407,-0.0,4,1000,5125.304655790329
brain_tumor_rn34_10,0.5156212449073792,0.7259292602539062,-0.0,16,1000,644.7508463859558
brain_tumor_rn18_500,0.5145595669746399,0.7235991954803467,-0.0,6,1000,5155.826653242111
brain_tumor_rn34_10,0.5139249563217163,0.722213625907898,-0.0,17,1000,698.2646613121033
brain_tumor_rn18_500,0.5149675011634827,0.7244926691055298,-0.0,7,1000,5105.035958528519
brain_tumor_rn34_10,0.51383376121521,0.722014844417572,-0.0,19,1000,645.4121618270874
brain_tumor_rn34_10,0.5143860578536987,0.7232195138931274,-0.0,18,1000,727.5962815284729
brain_tumor_rn18_500,0.5142794847488403,0.7229869365692139,-0.0,8,1000,4969.6819360256195
brain_tumor_rn34_10,0.5153494477272034,0.7253312468528748,-0.0,20,1000,683.6846868991852
brain_tumor_rn34_10,0.5142229199409485,0.7228633165359497,-0.0,21,1000,690.0905613899231
brain_tumor_rn34_10,0.5161342024803162,0.7270607352256775,-0.0,23,1000,771.1329610347748
brain_tumor_rn34_10,0.5152802467346191,0.725179135799408,-0.0,22,1000,811.9124267101288
brain_tumor_rn18_500,0.5144746899604797,0.7234134078025818,-0.0,9,1000,5364.903567790985
brain_tumor_rn18_500,0.5150449275970459,0.7246625423431396,-0.0,10,1000,5342.749252080917
brain_tumor_rn34_10,0.5140216946601868,0.7224245071411133,-0.0,24,1000,795.491396188736
brain_tumor_rn18_500,0.5144209861755371,0.7232961654663086,-0.0,14,1000,5291.66938829422
brain_tumor_rn18_500,0.5149993300437927,0.7245625257492065,-0.0,12,1000,5333.838538408279
brain_tumor_rn18_500,0.5151399374008179,0.7248709201812744,-0.0,11,1000,5341.892865419388
brain_tumor_rn18_500,0.5149045586585999,0.7243546843528748,-0.0,13,1000,5352.324757099152
brain_tumor_rn18_500,0.5151517391204834,0.7248969674110413,-0.0,27,1000,5122.0886080265045
brain_tumor_rn34_10,0.5140304565429688,0.7224435210227966,-0.0,25,1000,819.4016823768616
brain_tumor_rn34_10,0.5155485272407532,0.7257693409919739,-0.0,26,1000,798.6449358463287
brain_tumor_rn34_10,0.5147107243537903,0.7239298820495605,-0.0,27,1000,788.0088801383972
brain_tumor_rn18_500,0.5147250890731812,0.723961353302002,-0.0,22,1000,5222.296894311905
brain_tumor_rn18_500,0.5144950151443481,0.7234576940536499,-0.0,19,1000,5276.676288127899
brain_tumor_rn18_500,0.5152490735054016,0.725110650062561,-0.0,29,1000,5197.821846485138
brain_tumor_rn18_500,0.5142623782157898,0.7229495048522949,-0.0,18,1000,5322.637855768204
brain_tumor_rn18_500,0.5150414109230042,0.7246547937393188,-0.0,21,1000,5331.584676265717
brain_tumor_rn18_500,0.5148971676826477,0.7243384122848511,-0.0,20,1000,5349.19864320755
brain_tumor_rn18_500,0.5145565867424011,0.7235924601554871,-0.0,15,1000,5498.115648269653
brain_tumor_rn18_500,0.5144452452659607,0.7233490943908691,-0.0,26,1000,5306.508280754089
brain_tumor_rn18_500,0.5150256156921387,0.7246199250221252,-0.0,16,1000,5432.893756151199
brain_tumor_rn18_500,0.5147271752357483,0.7239658236503601,-0.0,23,1000,5370.991659164429
brain_tumor_rn18_500,0.5147187113761902,0.7239473462104797,-0.0,24,1000,5362.855269432068
brain_tumor_rn18_500,0.5144751667976379,0.7234144806861877,-0.0,28,1000,5333.249119758606
brain_tumor_rn34_10,0.513390839099884,0.7210518717765808,-0.0,29,1000,778.448771238327
brain_tumor_rn18_500,0.5152250528335571,0.7250578999519348,-0.0,17,1000,5467.690146207809
brain_tumor_rn18_500,0.5145251750946045,0.7235238552093506,-0.0,25,1000,5390.929957151413
brain_tumor_rn34_10,0.5138974189758301,0.7221535444259644,-0.0,28,1000,828.347549200058
brain_tumor_rn34_50,0.5154741406440735,0.7256054878234863,-0.0,0,1000,1184.0759887695312
brain_tumor_rn34_50,0.5136839747428894,0.7216891050338745,-0.0,1,1000,1162.896884918213
brain_tumor_rn34_50,0.5135000944137573,0.721289336681366,-0.0,2,1000,1080.9104163646698
brain_tumor_rn34_50,0.515519917011261,0.7257061004638672,-0.0,3,1000,1004.4872388839722
brain_tumor_rn34_50,0.516059160232544,0.7268952131271362,-0.0,4,1000,1026.6032347679138
brain_tumor_rn34_50,0.5151023268699646,0.72478848695755,-0.0,6,1000,962.5249264240265
brain_tumor_rn34_50,0.513925313949585,0.7222145795822144,-0.0,7,1000,971.5739221572876
brain_tumor_rn34_50,0.5154591202735901,0.7255724668502808,-0.0,9,1000,952.6001098155975
brain_tumor_rn34_50,0.5157381296157837,0.7261867523193359,-0.0,5,1000,1055.5671191215515
brain_tumor_rn34_50,0.5161498785018921,0.7270953059196472,-0.0,10,1000,991.6546359062195
brain_tumor_rn34_50,0.5152866840362549,0.7251933813095093,-0.0,13,1000,966.3524179458618
brain_tumor_rn34_50,0.5127429962158203,0.7196481227874756,-0.0,11,1000,1012.2456848621368
brain_tumor_rn34_50,0.5131354928016663,0.7204979062080383,-0.0,8,1000,1063.355339050293
brain_tumor_rn34_50,0.5129191875457764,0.720029354095459,-0.0,15,1000,998.003847360611
brain_tumor_rn34_50,0.5138675570487976,0.7220886945724487,-0.0,14,1000,1029.4754331111908
brain_tumor_rn34_50,0.5162163376808167,0.7272422313690186,-0.0,16,1000,1008.4043037891388
brain_tumor_rn34_50,0.5145491361618042,0.7235761880874634,-0.0,12,1000,1063.7643251419067
brain_tumor_rn34_50,0.5160938501358032,0.7269716858863831,-0.0,18,1000,987.8121821880341
brain_tumor_rn34_50,0.5140280723571777,0.7224384546279907,-0.0,22,1000,921.5124588012695
brain_tumor_rn34_50,0.512833833694458,0.7198445200920105,-0.0,20,1000,971.3451585769653
brain_tumor_rn34_50,0.5170050263404846,0.7289902567863464,-0.0,21,1000,952.7224371433258
brain_tumor_rn34_50,0.5132871866226196,0.7208266854286194,-0.0,17,1000,1060.708809375763
brain_tumor_rn34_50,0.5137124061584473,0.7217508554458618,-0.0,24,1000,972.3589096069336
brain_tumor_rn34_50,0.5136172771453857,0.7215439081192017,-0.0,26,1000,962.1605033874512
brain_tumor_rn34_50,0.5123098492622375,0.7187124490737915,-0.0,19,1000,1088.1044209003448
brain_tumor_rn34_50,0.5130436420440674,0.7202987670898438,-0.0,23,1000,1042.6349337100983
brain_tumor_rn34_50,0.5153424143791199,0.7253157496452332,-0.0,25,1000,1036.791653394699
brain_tumor_rn34_50,0.5132442116737366,0.7207335233688354,-0.0,28,1000,1034.3927285671234
brain_tumor_rn34_50,0.5143949389457703,0.7232390642166138,-0.0,29,1000,1023.8793203830719
brain_tumor_rn34_50,0.5174859166145325,0.7300601005554199,-0.0,27,1000,1083.8137037754059
brain_tumor_rn34_100,0.5138234496116638,0.7219924330711365,-0.0,0,1000,1407.3486196994781
brain_tumor_rn34_100,0.5162426829338074,0.7273005843162537,-0.0,1,1000,1423.019693851471
brain_tumor_rn34_100,0.5156620144844055,0.7260192632675171,-0.0,3,1000,1707.5173633098602
brain_tumor_rn34_100,0.5138287544250488,0.7220040559768677,-0.0,4,1000,1721.9095196723938
brain_tumor_rn34_100,0.5157926678657532,0.7263069748878479,-0.0,2,1000,1760.9388766288757
brain_tumor_rn34_100,0.5156755447387695,0.7260488867759705,-0.0,5,1000,1835.5367596149445
brain_tumor_rn34_100,0.5155996680259705,0.7258817553520203,-0.0,7,1000,1795.286831855774
brain_tumor_rn34_100,0.5140062570571899,0.7223908305168152,-0.0,8,1000,1835.8715860843658
brain_tumor_rn34_100,0.514308512210846,0.7230504155158997,-0.0,11,1000,1738.211168050766
brain_tumor_rn34_100,0.5135419964790344,0.7213802337646484,-0.0,6,1000,1862.1845252513885
brain_tumor_rn34_100,0.5156921148300171,0.7260854840278625,-0.0,9,1000,1847.3663940429688
brain_tumor_rn34_100,0.5144516825675964,0.7233631014823914,-0.0,10,1000,1843.9475421905518
brain_tumor_rn34_100,0.5152024030685425,0.7250080704689026,-0.0,12,1000,1803.677493095398
brain_tumor_rn34_100,0.5154355764389038,0.7255205512046814,-0.0,13,1000,1820.167635679245
brain_tumor_rn34_100,0.5144630670547485,0.7233880758285522,-0.0,14,1000,1796.0132250785828
brain_tumor_rn34_100,0.5152928829193115,0.7252068519592285,-0.0,20,1000,1750.1539080142975
brain_tumor_rn34_100,0.5154044032096863,0.7254520654678345,-0.0,15,1000,1832.996916294098
brain_tumor_rn34_100,0.5140324831008911,0.7224479913711548,-0.0,19,1000,1768.1477348804474
brain_tumor_rn34_100,0.5157507658004761,0.7262145280838013,-0.0,18,1000,1778.0712604522705
brain_tumor_rn34_100,0.5138663053512573,0.7220859527587891,-0.0,17,1000,1804.409918308258
brain_tumor_rn34_100,0.5140276551246643,0.7224373817443848,-0.0,16,1000,1820.676884174347
brain_tumor_rn34_100,0.5142120122909546,0.7228395938873291,-0.0,21,1000,1811.3627264499664
brain_tumor_rn34_100,0.5153552889823914,0.725344181060791,-0.0,24,1000,1818.4117131233215
brain_tumor_rn34_100,0.5138826370239258,0.7221213579177856,-0.0,27,1000,1762.289542913437
brain_tumor_rn34_100,0.5159240961074829,0.7265968322753906,-0.0,22,1000,1870.2851226329803
brain_tumor_rn34_100,0.5142979621887207,0.7230275273323059,-0.0,28,1000,1772.8662645816803
brain_tumor_rn34_100,0.5140072107315063,0.7223929762840271,-0.0,25,1000,1840.169640302658
brain_tumor_rn34_100,0.5143892765045166,0.7232268452644348,-0.0,23,1000,1874.6172642707825
brain_tumor_rn34_100,0.515453040599823,0.7255589962005615,-0.0,29,1000,1803.9472000598907
brain_tumor_rn34_100,0.5150055289268494,0.7245760560035706,-0.0,26,1000,1869.0557515621185
brain_tumor_rn34_250,0.5143063068389893,0.7230455279350281,-0.0,1,1000,3463.22279548645
brain_tumor_rn34_250,0.5144232511520386,0.7233009338378906,-0.0,0,1000,3568.522285223007
brain_tumor_rn34_250,0.5156899690628052,0.7260806560516357,-0.0,2,1000,3354.6741456985474
brain_tumor_rn34_250,0.5145553350448608,0.7235895991325378,-0.0,3,1000,3374.496093273163
brain_tumor_rn34_250,0.5144317746162415,0.7233197093009949,-0.0,4,1000,3103.692134618759
brain_tumor_rn34_250,0.5144394040107727,0.7233362793922424,-0.0,5,1000,3082.5443568229675
brain_tumor_rn34_250,0.5151925086975098,0.7249864935874939,-0.0,6,1000,3109.423195362091
brain_tumor_rn34_250,0.5151073336601257,0.724799394607544,-0.0,8,1000,3031.1842074394226
brain_tumor_rn34_250,0.5151922106742859,0.7249855995178223,-0.0,10,1000,2998.6859261989594
brain_tumor_rn34_250,0.5154716968536377,0.7256001234054565,-0.0,9,1000,3011.302031993866
brain_tumor_rn34_250,0.5156053900718689,0.7258942723274231,-0.0,7,1000,3179.901383161545
brain_tumor_rn34_250,0.5152846574783325,0.725188672542572,-0.0,14,1000,3010.3940048217773
brain_tumor_rn34_250,0.515230655670166,0.7250701189041138,-0.0,22,1000,2904.339968919754
brain_tumor_rn34_250,0.515380859375,0.7254002094268799,-0.0,12,1000,3086.5331614017487
brain_tumor_rn34_250,0.5155664682388306,0.7258085608482361,-0.0,13,1000,3127.5801491737366
brain_tumor_rn34_250,0.5153605341911316,0.7253556251525879,-0.0,11,1000,3187.3851323127747
brain_tumor_rn34_250,0.5154678821563721,0.7255916595458984,-0.0,27,1000,2880.4059932231903
brain_tumor_rn34_250,0.5138843059539795,0.7221249938011169,-0.0,16,1000,3036.435490131378
brain_tumor_rn34_250,0.5145869255065918,0.7236589193344116,-0.0,19,1000,3016.1841843128204
brain_tumor_rn34_250,0.5145742297172546,0.7236309051513672,-0.0,20,1000,3036.76904797554
brain_tumor_rn34_250,0.5151121616363525,0.7248099446296692,-0.0,21,1000,3038.3297834396362
brain_tumor_rn34_250,0.5151367783546448,0.7248640060424805,-0.0,25,1000,2949.985985517502
brain_tumor_rn34_250,0.5148720145225525,0.7242830991744995,-0.0,18,1000,3090.0062420368195
brain_tumor_rn34_250,0.5151259303092957,0.7248400449752808,-0.0,29,1000,3006.198851108551
brain_tumor_rn34_250,0.5144538879394531,0.7233677506446838,-0.0,17,1000,3163.6612560749054
brain_tumor_rn34_250,0.515281081199646,0.7251810431480408,-0.0,15,1000,3224.774027109146
brain_tumor_rn34_250,0.5149131417274475,0.7243733406066895,-0.0,23,1000,3160.2780470848083
brain_tumor_rn34_250,0.5145764350891113,0.7236358523368835,-0.0,28,1000,3092.3777446746826
brain_tumor_rn34_250,0.5150604248046875,0.7246963977813721,-0.0,26,1000,3145.422958612442
brain_tumor_rn34_250,0.5144525766372681,0.723365068435669,-0.0,24,1000,3195.6070804595947
brain_tumor_rn50_10,0.5154018998146057,0.7254465818405151,-0.0,1,1000,618.6568355560303
brain_tumor_rn50_10,0.5159487724304199,0.7266511917114258,-0.0,0,1000,630.4578559398651
brain_tumor_rn50_10,0.5160948038101196,0.7269735932350159,-0.0,2,1000,627.064692735672
brain_tumor_rn50_10,0.5148966908454895,0.7243372797966003,-0.0,3,1000,691.8689570426941
brain_tumor_rn50_10,0.5152735114097595,0.7251642942428589,-0.0,4,1000,681.9696183204651
brain_tumor_rn50_10,0.5155074596405029,0.7256788015365601,-0.0,5,1000,631.4411015510559
brain_tumor_rn34_500,0.5147079229354858,0.7239236831665039,-0.0,1,1000,5290.889954328537
brain_tumor_rn34_500,0.5145009756088257,0.72347092628479,-0.0,0,1000,5432.5016169548035
brain_tumor_rn50_10,0.513343870639801,0.7209498882293701,-0.0,7,1000,578.8370878696442
brain_tumor_rn50_10,0.5159167647361755,0.7265806198120117,-0.0,6,1000,641.6953537464142
brain_tumor_rn50_10,0.5140684247016907,0.7225264310836792,-0.0,8,1000,664.2178087234497
brain_tumor_rn50_10,0.5160144567489624,0.7267962694168091,-0.0,9,1000,638.814728975296
brain_tumor_rn50_10,0.5166499018669128,0.7282021641731262,-0.0,10,1000,661.2562470436096
brain_tumor_rn50_10,0.5150609612464905,0.7246975302696228,-0.0,11,1000,677.8340923786163
brain_tumor_rn50_10,0.5135188102722168,0.7213298678398132,-0.0,12,1000,702.8807952404022
brain_tumor_rn50_10,0.5153313279151917,0.7252914309501648,-0.0,13,1000,679.1591172218323
brain_tumor_rn34_500,0.5151198506355286,0.7248267531394958,-0.0,2,1000,5138.284408092499
brain_tumor_rn34_500,0.5145714282989502,0.7236250638961792,-0.0,3,1000,5215.16236782074
brain_tumor_rn50_10,0.5138106346130371,0.7219646573066711,-0.0,14,1000,621.4671144485474
brain_tumor_rn34_500,0.5150725841522217,0.7247229218482971,-0.0,5,1000,5355.983835935593
brain_tumor_rn34_500,0.5146840214729309,0.7238715291023254,-0.0,4,1000,5423.109171152115
brain_tumor_rn50_10,0.5149677395820618,0.7244930863380432,-0.0,15,1000,718.961718082428
brain_tumor_rn50_10,0.5156741738319397,0.7260459661483765,-0.0,16,1000,663.8905181884766
brain_tumor_rn50_10,0.5132489800453186,0.7207440137863159,-0.0,17,1000,625.5666928291321
brain_tumor_rn34_500,0.5140603184700012,0.7225087285041809,-0.0,7,1000,5072.746033668518
brain_tumor_rn34_500,0.5147402882575989,0.7239944934844971,-0.0,6,1000,5172.249985218048
brain_tumor_rn50_10,0.5152232646942139,0.7250539064407349,-0.0,18,1000,726.7207498550415
brain_tumor_rn50_10,0.514190673828125,0.7227931022644043,-0.0,19,1000,649.1493785381317
brain_tumor_rn34_500,0.5153182744979858,0.7252625823020935,-0.0,9,1000,5143.905617952347
brain_tumor_rn34_500,0.514994740486145,0.7245522141456604,-0.0,8,1000,5421.410619735718
brain_tumor_rn34_500,0.5151163935661316,0.7248191833496094,-0.0,11,1000,5304.564439296722
brain_tumor_rn34_500,0.5150600075721741,0.7246953845024109,-0.0,12,1000,5237.418561220169
brain_tumor_rn50_10,0.5157232284545898,0.7261539101600647,-0.0,20,1000,692.8916575908661
brain_tumor_rn34_500,0.514715850353241,0.7239410877227783,-0.0,13,1000,5246.975268125534
brain_tumor_rn34_500,0.5149967074394226,0.7245566248893738,-0.0,17,1000,5145.921164035797
brain_tumor_rn34_500,0.5144993662834167,0.7234676480293274,-0.0,10,1000,5437.3315188884735
brain_tumor_rn34_500,0.5145936608314514,0.7236736416816711,-0.0,15,1000,5355.39640712738
brain_tumor_rn50_10,0.5151697993278503,0.7249364852905273,-0.0,21,1000,711.5672731399536
brain_tumor_rn34_500,0.5150383710861206,0.7246478796005249,-0.0,19,1000,5234.876334190369
brain_tumor_rn50_10,0.514122724533081,0.7226449251174927,-0.0,23,1000,695.0320620536804
brain_tumor_rn34_500,0.51460862159729,0.7237064242362976,-0.0,16,1000,5303.43262887001
brain_tumor_rn50_10,0.5158189535140991,0.7263651490211487,-0.0,22,1000,763.0959742069244
brain_tumor_rn34_500,0.5151660442352295,0.7249281406402588,-0.0,20,1000,5317.226671218872
brain_tumor_rn50_10,0.5163174867630005,0.7274660468101501,-0.0,24,1000,785.0246982574463
brain_tumor_rn34_500,0.5152983665466309,0.7252190709114075,-0.0,18,1000,5358.161740541458
brain_tumor_rn50_10,0.5132277607917786,0.7206980586051941,-0.0,25,1000,737.6547179222107
brain_tumor_rn34_500,0.5144312977790833,0.7233187556266785,-0.0,14,1000,5496.128669023514
brain_tumor_rn34_500,0.5146074295043945,0.7237037420272827,-0.0,29,1000,5217.432699918747
brain_tumor_rn34_500,0.514666736125946,0.7238336205482483,-0.0,22,1000,5353.741037845612
brain_tumor_rn50_10,0.5144574642181396,0.723375678062439,-0.0,26,1000,755.3724544048309
brain_tumor_rn50_10,0.5135164260864258,0.7213245630264282,-0.0,27,1000,710.9644496440887
brain_tumor_rn34_500,0.51451575756073,0.7235032320022583,-0.0,26,1000,5334.402353525162
brain_tumor_rn34_500,0.5149412751197815,0.724435031414032,-0.0,24,1000,5421.868221759796
brain_tumor_rn34_500,0.5148290991783142,0.7241891622543335,-0.0,28,1000,5303.036749362946
brain_tumor_rn34_500,0.5149621367454529,0.7244808673858643,-0.0,25,1000,5351.519767045975
brain_tumor_rn50_10,0.5143545866012573,0.723150908946991,-0.0,28,1000,710.1513245105743
brain_tumor_rn34_500,0.5146304965019226,0.7237542867660522,-0.0,21,1000,5456.812557697296
brain_tumor_rn50_10,0.5132700800895691,0.7207898497581482,-0.0,29,1000,692.7181720733643
brain_tumor_rn34_500,0.5150675177574158,0.7247119545936584,-0.0,23,1000,5456.082014322281
brain_tumor_rn34_500,0.5146524906158447,0.7238025665283203,-0.0,27,1000,5392.5410187244415
brain_tumor_rn50_50,0.5127696990966797,0.7197059392929077,-0.0,0,1000,1056.7893874645233
brain_tumor_rn50_50,0.5129597783088684,0.7201170921325684,-0.0,2,1000,1016.7795267105103
brain_tumor_rn50_50,0.5135006904602051,0.7212902903556824,-0.0,5,1000,971.6082053184509
brain_tumor_rn50_50,0.515491247177124,0.72564297914505,-0.0,1,1000,1124.7896604537964
brain_tumor_rn50_50,0.5135552883148193,0.7214092016220093,-0.0,3,1000,1030.7747130393982
brain_tumor_rn50_50,0.5167269706726074,0.7283730506896973,-0.0,4,1000,1037.4065351486206
brain_tumor_rn50_50,0.5158999562263489,0.7265437841415405,-0.0,6,1000,1037.4872937202454
brain_tumor_rn50_50,0.5159329771995544,0.7266164422035217,-0.0,8,1000,895.3874206542969
brain_tumor_rn50_50,0.5158234238624573,0.7263748049736023,-0.0,9,1000,962.1541361808777
brain_tumor_rn50_50,0.5153615474700928,0.7253579497337341,-0.0,7,1000,1070.7645983695984
brain_tumor_rn50_50,0.513282060623169,0.7208158373832703,-0.0,12,1000,980.795857667923
brain_tumor_rn50_50,0.5124353170394897,0.7189833521842957,-0.0,16,1000,865.1166763305664
brain_tumor_rn50_50,0.516769528388977,0.7284672856330872,-0.0,11,1000,1009.6022131443024
brain_tumor_rn50_50,0.5139615535736084,0.7222934365272522,-0.0,10,1000,1072.3731253147125
brain_tumor_rn50_50,0.5168371200561523,0.7286173105239868,-0.0,15,1000,974.5930662155151
brain_tumor_rn50_50,0.5140723586082458,0.7225348949432373,-0.0,20,1000,928.6731376647949
brain_tumor_rn50_50,0.515230655670166,0.7250702381134033,-0.0,19,1000,972.7927486896515
brain_tumor_rn50_50,0.5163169503211975,0.7274649143218994,-0.0,21,1000,949.989399433136
brain_tumor_rn50_50,0.514499306678772,0.7234672904014587,-0.0,13,1000,1104.9041092395782
brain_tumor_rn50_50,0.5137418508529663,0.7218148112297058,-0.0,14,1000,1099.14648604393
brain_tumor_rn50_50,0.5136317610740662,0.7215755581855774,-0.0,17,1000,1020.7560968399048
brain_tumor_rn50_50,0.512721061706543,0.7196004986763,-0.0,18,1000,1093.0032143592834
brain_tumor_rn50_50,0.5159646272659302,0.7266862988471985,-0.0,24,1000,1005.0418555736542
brain_tumor_rn50_50,0.5136328339576721,0.7215776443481445,-0.0,22,1000,1032.7932448387146
brain_tumor_rn50_50,0.5158531665802002,0.7264404296875,-0.0,23,1000,1035.529126882553
brain_tumor_rn50_50,0.5128476619720459,0.7198744416236877,-0.0,25,1000,1056.7905795574188
brain_tumor_rn50_50,0.5136616826057434,0.7216402888298035,-0.0,26,1000,1113.0235493183136
brain_tumor_rn50_50,0.5132078528404236,0.7206549048423767,-0.0,28,1000,1089.0082657337189
brain_tumor_rn50_50,0.5153321027755737,0.7252931594848633,-0.0,27,1000,1134.9691107273102
brain_tumor_rn50_50,0.515044629573822,0.7246618270874023,-0.0,29,1000,1115.9855785369873
brain_tumor_rn50_100,0.5143894553184509,0.7232271432876587,-0.0,1,1000,1509.8776440620422
brain_tumor_rn50_100,0.5156599283218384,0.7260143756866455,-0.0,0,1000,1518.00226354599
brain_tumor_rn50_100,0.5153021216392517,0.7252271175384521,-0.0,2,1000,1607.916213274002
brain_tumor_rn50_100,0.5142336487770081,0.7228869199752808,-0.0,6,1000,1584.7657084465027
brain_tumor_rn50_100,0.5137133598327637,0.7217528223991394,-0.0,3,1000,1652.0742344856262
brain_tumor_rn50_100,0.5137993097305298,0.7219399809837341,-0.0,4,1000,1681.1895196437836
brain_tumor_rn50_100,0.5142709016799927,0.7229682207107544,-0.0,5,1000,1668.3886778354645
brain_tumor_rn50_100,0.5156498551368713,0.7259923815727234,-0.0,8,1000,1673.3484318256378
brain_tumor_rn50_100,0.5147214531898499,0.7239534854888916,-0.0,7,1000,1705.8067100048065
brain_tumor_rn50_100,0.513651430606842,0.7216182351112366,-0.0,9,1000,1715.0665929317474
brain_tumor_rn50_100,0.5144933462142944,0.7234544157981873,-0.0,11,1000,1664.6764585971832
brain_tumor_rn50_100,0.5143049359321594,0.7230424880981445,-0.0,10,1000,1672.4345932006836
brain_tumor_rn50_100,0.5155447721481323,0.7257610559463501,-0.0,12,1000,1659.3058953285217
brain_tumor_rn50_100,0.514297604560852,0.7230263352394104,-0.0,14,1000,1677.4106559753418
brain_tumor_rn50_100,0.5138676166534424,0.7220886945724487,-0.0,17,1000,1603.8089101314545
brain_tumor_rn50_100,0.5142813920974731,0.7229911684989929,-0.0,15,1000,1677.0175652503967
brain_tumor_rn50_100,0.5139579176902771,0.7222855091094971,-0.0,13,1000,1717.9056560993195
brain_tumor_rn50_100,0.5153893828392029,0.7254191040992737,-0.0,16,1000,1651.7223501205444
brain_tumor_rn50_100,0.5150137543678284,0.7245938777923584,-0.0,18,1000,1620.6019098758698
brain_tumor_rn50_100,0.5155219435691833,0.7257106900215149,-0.0,20,1000,1667.2917094230652
brain_tumor_rn50_100,0.5153940916061401,0.7254295349121094,-0.0,19,1000,1702.5006511211395
brain_tumor_rn50_100,0.5158754587173462,0.7264896035194397,-0.0,23,1000,1667.5265991687775
brain_tumor_rn50_100,0.5155545473098755,0.7257825136184692,-0.0,22,1000,1763.0204572677612
brain_tumor_rn50_100,0.5141587853431702,0.7227235436439514,-0.0,24,1000,1693.6746308803558
brain_tumor_rn50_100,0.5154429078102112,0.7255368828773499,-0.0,21,1000,1798.4180297851562
brain_tumor_rn50_100,0.5145843625068665,0.723653256893158,-0.0,25,1000,1703.6798641681671
brain_tumor_rn50_100,0.5158416032791138,0.7264147400856018,-0.0,26,1000,1715.3254508972168
brain_tumor_rn50_100,0.5141586661338806,0.7227232456207275,-0.0,27,1000,1782.6453914642334
brain_tumor_rn50_100,0.5141451358795166,0.7226937413215637,-0.0,28,1000,1702.2815914154053
brain_tumor_rn50_100,0.5153992772102356,0.7254409790039062,-0.0,29,1000,1741.946053981781
brain_tumor_rn50_250,0.5152947306632996,0.7252109050750732,-0.0,0,1000,3485.8004987239838
brain_tumor_rn50_250,0.5143650770187378,0.7231738567352295,-0.0,1,1000,3522.610690355301
brain_tumor_rn50_250,0.5142815113067627,0.7229912877082825,-0.0,2,1000,3365.996851682663
brain_tumor_rn50_250,0.5143625736236572,0.7231683135032654,-0.0,3,1000,3460.6116712093353
brain_tumor_rn50_250,0.5150086879730225,0.7245829701423645,-0.0,4,1000,3538.5840661525726
brain_tumor_rn50_250,0.5145778059959412,0.7236388325691223,-0.0,6,1000,3399.7491483688354
brain_tumor_rn50_250,0.5152036547660828,0.7250108122825623,-0.0,8,1000,3408.389753103256
brain_tumor_rn50_250,0.5140531659126282,0.722493052482605,-0.0,5,1000,3519.228090286255
brain_tumor_rn50_250,0.5152004957199097,0.7250038385391235,-0.0,10,1000,3395.5176334381104
brain_tumor_rn50_250,0.5145673155784607,0.7236160039901733,-0.0,7,1000,3550.5812578201294
brain_tumor_rn50_250,0.5150670409202576,0.724711000919342,-0.0,9,1000,3470.4762513637543
brain_tumor_rn50_250,0.5142473578453064,0.7229167819023132,-0.0,11,1000,3476.8772027492523
brain_tumor_rn50_250,0.5153085589408875,0.7252413034439087,-0.0,12,1000,3494.6562082767487
brain_tumor_rn50_250,0.5150201320648193,0.7246077060699463,-0.0,17,1000,3381.7473192214966
brain_tumor_rn50_250,0.51500004529953,0.724563717842102,-0.0,16,1000,3411.8478498458862
brain_tumor_rn50_250,0.5141963362693787,0.7228055000305176,-0.0,20,1000,3371.308051109314
brain_tumor_rn50_250,0.5146137475967407,0.723717451095581,-0.0,19,1000,3407.613412618637
brain_tumor_rn50_250,0.5144467353820801,0.7233523726463318,-0.0,13,1000,3576.5327496528625
brain_tumor_rn50_250,0.5154845714569092,0.7256284356117249,-0.0,14,1000,3548.6507885456085
brain_tumor_rn50_250,0.5140766501426697,0.7225443720817566,-0.0,21,1000,3391.6168460845947
brain_tumor_rn50_250,0.5143424272537231,0.7231242656707764,-0.0,22,1000,3418.260416507721
brain_tumor_rn50_250,0.5150086879730225,0.7245829701423645,-0.0,15,1000,3603.7600195407867
brain_tumor_rn50_250,0.5153396725654602,0.7253098487854004,-0.0,23,1000,3414.097672224045
brain_tumor_rn50_250,0.5143342614173889,0.7231065034866333,-0.0,24,1000,3408.0390367507935
brain_tumor_rn50_250,0.5155608057975769,0.7257962822914124,-0.0,18,1000,3617.071439743042
brain_tumor_rn50_250,0.5144633650779724,0.723388671875,-0.0,25,1000,3440.196574449539
brain_tumor_rn50_250,0.5152647495269775,0.7251450419425964,-0.0,27,1000,3481.2083842754364
brain_tumor_rn50_250,0.5153173208236694,0.7252606153488159,-0.0,26,1000,3573.5975472927094
brain_tumor_rn50_250,0.514910101890564,0.7243667840957642,-0.0,29,1000,3503.350933790207
brain_tumor_rn50_250,0.5142072439193726,0.722829282283783,-0.0,28,1000,3645.3317980766296
tuberculosis_rn18_10,0.5129656791687012,0.7202596068382263,-0.0,0,1000,651.0662174224854
tuberculosis_rn18_10,0.5122812390327454,0.7187702655792236,-0.0,1,1000,635.4654035568237
tuberculosis_rn18_10,0.5163123607635498,0.7276403903961182,-0.0,3,1000,486.0688135623932
tuberculosis_rn18_10,0.513190507888794,0.7207503914833069,-0.0,2,1000,550.1646459102631
tuberculosis_rn18_10,0.5127617120742798,0.719815194606781,-0.0,4,1000,569.3573257923126
tuberculosis_rn18_10,0.5170720815658569,0.7293386459350586,-0.0,5,1000,566.0750987529755
brain_tumor_rn50_500,0.5145154595375061,0.7235024571418762,-0.0,0,1000,5496.916271448135
brain_tumor_rn50_500,0.5145911574363708,0.723668098449707,-0.0,1,1000,5869.270905256271
tuberculosis_rn18_10,0.5166071057319641,0.7282981872558594,-0.0,7,1000,494.2516465187073
tuberculosis_rn18_10,0.5128815770149231,0.7200764417648315,-0.0,6,1000,556.0584301948547
tuberculosis_rn18_10,0.5173382759094238,0.7299357652664185,-0.0,8,1000,510.38920617103577
tuberculosis_rn18_10,0.5131204724311829,0.7205975651741028,-0.0,9,1000,544.316556930542
tuberculosis_rn18_10,0.5124192833900452,0.7190701961517334,-0.0,10,1000,581.210776090622
tuberculosis_rn18_10,0.5135816931724548,0.7216060161590576,-0.0,11,1000,549.1862933635712
tuberculosis_rn18_10,0.517490029335022,0.7302766442298889,-0.0,12,1000,562.9832625389099
tuberculosis_rn18_10,0.5171857476234436,0.7295935750007629,-0.0,13,1000,501.66596007347107
tuberculosis_rn18_10,0.5155552625656128,0.7259564399719238,-0.0,14,1000,552.2516422271729
tuberculosis_rn18_10,0.5123244524002075,0.7188641428947449,-0.0,15,1000,562.7191832065582
tuberculosis_rn18_10,0.5130066871643066,0.720349133014679,-0.0,16,1000,540.268340587616
brain_tumor_rn50_500,0.5147597789764404,0.7240373492240906,-0.0,3,1000,5579.030554294586
brain_tumor_rn50_500,0.515023946762085,0.724616289138794,-0.0,2,1000,5772.6512842178345
brain_tumor_rn50_500,0.5144319534301758,0.723319947719574,-0.0,5,1000,5408.488965988159
brain_tumor_rn50_500,0.5148715376853943,0.7242823243141174,-0.0,4,1000,5525.7396540641785
tuberculosis_rn18_10,0.5170973539352417,0.7293951511383057,-0.0,17,1000,567.8870041370392
tuberculosis_rn18_10,0.5171762108802795,0.7295721769332886,-0.0,18,1000,548.3348860740662
tuberculosis_rn18_10,0.5155975818634033,0.7260503172874451,-0.0,20,1000,542.8778719902039
brain_tumor_rn50_500,0.5149322152137756,0.7244150638580322,-0.0,6,1000,5182.723190069199
tuberculosis_rn18_10,0.5125907063484192,0.7194429039955139,-0.0,19,1000,670.3792572021484
tuberculosis_rn18_10,0.5123028755187988,0.718817412853241,-0.0,21,1000,562.7383258342743
tuberculosis_rn18_10,0.5133538842201233,0.7211074829101562,-0.0,24,1000,505.47059440612793
tuberculosis_rn18_10,0.5171173810958862,0.7294401526451111,-0.0,22,1000,538.2436876296997
brain_tumor_rn50_500,0.5152643322944641,0.7251441478729248,-0.0,7,1000,5406.6508872509
brain_tumor_rn50_500,0.5152109265327454,0.7250267863273621,-0.0,8,1000,5330.0218386650085
tuberculosis_rn18_10,0.5173406600952148,0.7299408912658691,-0.0,23,1000,594.3510973453522
tuberculosis_rn18_10,0.5122711658477783,0.7187483310699463,-0.0,25,1000,599.7877376079559
brain_tumor_rn50_500,0.5145720839500427,0.7236264944076538,-0.0,14,1000,5226.798235177994
brain_tumor_rn50_500,0.5144776105880737,0.7234200239181519,-0.0,11,1000,5366.971943616867
brain_tumor_rn50_500,0.5147663354873657,0.7240516543388367,-0.0,17,1000,5227.995719671249
brain_tumor_rn50_500,0.5144268870353699,0.7233088612556458,-0.0,12,1000,5386.233931064606
tuberculosis_rn18_10,0.5129552483558655,0.7202370166778564,-0.0,26,1000,558.4331557750702
brain_tumor_rn50_500,0.5140578150749207,0.7225032448768616,-0.0,21,1000,5193.0075562000275
brain_tumor_rn50_500,0.5151503086090088,0.7248936891555786,-0.0,13,1000,5393.39483499527
brain_tumor_rn50_500,0.5145467519760132,0.7235710024833679,-0.0,16,1000,5291.2146100997925
tuberculosis_rn18_10,0.5162501335144043,0.7275017499923706,-0.0,27,1000,563.830536365509
brain_tumor_rn50_500,0.514877438545227,0.7242949604988098,-0.0,9,1000,5554.266473293304
brain_tumor_rn50_500,0.5144573450088501,0.7233754396438599,-0.0,19,1000,5293.077502250671
tuberculosis_rn18_10,0.5133141875267029,0.7210208177566528,-0.0,28,1000,585.9673686027527
brain_tumor_rn50_500,0.5147388577461243,0.7239914536476135,-0.0,23,1000,5244.98145866394
brain_tumor_rn50_500,0.5154393911361694,0.7255290746688843,-0.0,15,1000,5395.708868265152
brain_tumor_rn50_500,0.5149333477020264,0.7244175672531128,-0.0,10,1000,5596.73055267334
brain_tumor_rn50_500,0.5149496793746948,0.7244533896446228,-0.0,22,1000,5321.372847557068
tuberculosis_rn18_10,0.5129945278167725,0.7203226089477539,-0.0,29,1000,597.1594748497009
brain_tumor_rn50_500,0.5145791172981262,0.7236418724060059,-0.0,25,1000,5252.741242170334
brain_tumor_rn50_500,0.5150132775306702,0.724592924118042,-0.0,18,1000,5419.633891105652
brain_tumor_rn50_500,0.5150874257087708,0.7247554659843445,-0.0,20,1000,5377.061164140701
brain_tumor_rn50_500,0.5151271224021912,0.7248428463935852,-0.0,27,1000,5225.951766014099
brain_tumor_rn50_500,0.514854907989502,0.7242456078529358,-0.0,24,1000,5338.435168027878
brain_tumor_rn50_500,0.5150211453437805,0.7246103286743164,-0.0,28,1000,5178.524531841278
brain_tumor_rn50_500,0.5149989724159241,0.7245613932609558,-0.0,26,1000,5346.350593328476
brain_tumor_rn50_500,0.5146778225898743,0.7238578200340271,-0.0,29,1000,5295.1371529102325
tuberculosis_rn18_50,0.5109039545059204,0.7158005833625793,-0.0,0,1000,996.6173894405365
tuberculosis_rn18_50,0.5145303606987,0.7237011194229126,-0.0,1,1000,912.0091321468353
tuberculosis_rn18_50,0.5126044154167175,0.7194817066192627,-0.0,3,1000,962.302033662796
tuberculosis_rn18_50,0.5157938003540039,0.7264986634254456,-0.0,4,1000,952.6385450363159
tuberculosis_rn18_50,0.5123547315597534,0.7189385294914246,-0.0,5,1000,965.6172542572021
tuberculosis_rn18_50,0.5139131546020508,0.7223432064056396,-0.0,2,1000,1052.895989894867
tuberculosis_rn18_50,0.5156892538070679,0.7262662649154663,-0.0,6,1000,933.8789772987366
tuberculosis_rn18_50,0.5155789852142334,0.7260211706161499,-0.0,7,1000,918.7759525775909
tuberculosis_rn18_50,0.5150893330574036,0.7249360680580139,-0.0,8,1000,925.2543692588806
tuberculosis_rn18_50,0.5152820944786072,0.7253627777099609,-0.0,16,1000,870.308089017868
tuberculosis_rn18_50,0.512025773525238,0.7182245850563049,-0.0,10,1000,947.300173997879
tuberculosis_rn18_50,0.5147377252578735,0.7241587042808533,-0.0,15,1000,890.2447271347046
tuberculosis_rn18_50,0.5119031071662903,0.7179585099220276,-0.0,9,1000,973.4721405506134
tuberculosis_rn18_50,0.512209415435791,0.7186228632926941,-0.0,12,1000,944.3326952457428
tuberculosis_rn18_50,0.5127191543579102,0.7197315692901611,-0.0,11,1000,962.134791135788
tuberculosis_rn18_50,0.5125826597213745,0.7194343209266663,-0.0,17,1000,905.0348091125488
tuberculosis_rn18_50,0.5142907500267029,0.7231734991073608,-0.0,13,1000,978.3267292976379
tuberculosis_rn18_50,0.5151082277297974,0.7249777913093567,-0.0,14,1000,980.9571967124939
tuberculosis_rn18_50,0.512565016746521,0.7193960547447205,-0.0,18,1000,930.7310914993286
tuberculosis_rn18_50,0.5121162533760071,0.7184207439422607,-0.0,21,1000,932.5901834964752
tuberculosis_rn18_50,0.5126990079879761,0.7196879386901855,-0.0,22,1000,960.7408809661865
tuberculosis_rn18_50,0.5122390389442444,0.7186872959136963,-0.0,19,1000,1012.9105052947998
tuberculosis_rn18_50,0.5156478881835938,0.7261744737625122,-0.0,24,1000,937.0325865745544
tuberculosis_rn18_50,0.5145291686058044,0.7236987352371216,-0.0,23,1000,958.3624978065491
tuberculosis_rn18_50,0.5151045918464661,0.724969744682312,-0.0,26,1000,963.0380647182465
tuberculosis_rn18_50,0.5117316842079163,0.7175872921943665,-0.0,28,1000,948.7573132514954
tuberculosis_rn18_50,0.5124709606170654,0.7191914319992065,-0.0,29,1000,928.8622107505798
tuberculosis_rn18_50,0.5157939195632935,0.7264989614486694,-0.0,20,1000,1070.531629562378
tuberculosis_rn18_50,0.5146546959877014,0.7239753603935242,-0.0,27,1000,985.2450275421143
tuberculosis_rn18_50,0.5147857069969177,0.7242647409439087,-0.0,25,1000,1054.7387890815735
tuberculosis_rn18_100,0.5120242238044739,0.7182334065437317,-0.0,0,1000,1348.3988473415375
tuberculosis_rn18_100,0.5122345685958862,0.7186900973320007,-0.0,1,1000,1540.2090883255005
tuberculosis_rn18_100,0.5140607357025146,0.7226828932762146,-0.0,2,1000,1411.0333743095398
tuberculosis_rn18_100,0.5125705599784851,0.7194210290908813,-0.0,3,1000,1388.221023797989
tuberculosis_rn18_100,0.5140711069107056,0.7227057814598083,-0.0,6,1000,1363.1684336662292
tuberculosis_rn18_100,0.5126595497131348,0.7196151614189148,-0.0,4,1000,1419.598661184311
tuberculosis_rn18_100,0.5140412449836731,0.7226400971412659,-0.0,9,1000,1333.3527474403381
tuberculosis_rn18_100,0.5136018395423889,0.7216751575469971,-0.0,8,1000,1389.0311374664307
tuberculosis_rn18_100,0.5122268199920654,0.7186734676361084,-0.0,7,1000,1426.9626941680908
tuberculosis_rn18_100,0.512782096862793,0.7198823690414429,-0.0,5,1000,1504.9697000980377
tuberculosis_rn18_100,0.5125873684883118,0.7194578051567078,-0.0,10,1000,1408.425865650177
tuberculosis_rn18_100,0.5120238661766052,0.7182326316833496,-0.0,16,1000,1359.340339422226
tuberculosis_rn18_100,0.5119941234588623,0.7181681394577026,-0.0,13,1000,1425.025118112564
tuberculosis_rn18_100,0.5142250061035156,0.7230443358421326,-0.0,12,1000,1445.459772825241
tuberculosis_rn18_100,0.5121262669563293,0.7184550166130066,-0.0,15,1000,1435.2310609817505
tuberculosis_rn18_100,0.5139869451522827,0.7225207686424255,-0.0,11,1000,1475.7277176380157
tuberculosis_rn18_100,0.5139737725257874,0.7224918603897095,-0.0,19,1000,1405.610599040985
tuberculosis_rn18_100,0.512708842754364,0.7197226881980896,-0.0,17,1000,1430.0855739116669
tuberculosis_rn18_100,0.5138861536979675,0.7222992777824402,-0.0,20,1000,1425.2985842227936
tuberculosis_rn18_100,0.5125987529754639,0.7194826602935791,-0.0,18,1000,1492.2833485603333
tuberculosis_rn18_100,0.5137240886688232,0.7219434380531311,-0.0,14,1000,1576.7093906402588
tuberculosis_rn18_100,0.51231449842453,0.7188639640808105,-0.0,25,1000,1394.8262829780579
tuberculosis_rn18_100,0.5122340321540833,0.7186890840530396,-0.0,24,1000,1414.8544855117798
tuberculosis_rn18_100,0.5131614208221436,0.7207107543945312,-0.0,21,1000,1498.6735587120056
tuberculosis_rn18_100,0.5121495127677917,0.7185054421424866,-0.0,23,1000,1445.5043425559998
tuberculosis_rn18_100,0.5124715566635132,0.7192057371139526,-0.0,22,1000,1466.7207136154175
tuberculosis_rn18_100,0.5120904445648193,0.7183771133422852,-0.0,26,1000,1453.308387041092
tuberculosis_rn18_100,0.5120748281478882,0.7183432579040527,-0.0,28,1000,1443.8506934642792
tuberculosis_rn18_100,0.512757420539856,0.7198286056518555,-0.0,27,1000,1457.4895222187042
tuberculosis_rn18_100,0.5126457214355469,0.7195850610733032,-0.0,29,1000,1506.656804561615
tuberculosis_rn18_250,0.5138933658599854,0.7223264575004578,-0.0,0,1000,3200.856854200363
tuberculosis_rn18_250,0.5134173631668091,0.7212815284729004,-0.0,1,1000,3181.4759488105774
tuberculosis_rn18_250,0.5136918425559998,0.7218837738037109,-0.0,2,1000,3327.556675672531
tuberculosis_rn18_250,0.5128191113471985,0.719973087310791,-0.0,3,1000,3150.7824969291687
tuberculosis_rn18_250,0.5134869813919067,0.7214342355728149,-0.0,5,1000,3099.4657282829285
tuberculosis_rn18_250,0.5128998756408691,0.7201496958732605,-0.0,4,1000,3256.7893118858337
tuberculosis_rn18_250,0.5139678716659546,0.7224903106689453,-0.0,7,1000,3280.7178094387054
tuberculosis_rn18_250,0.5135257244110107,0.7215191721916199,-0.0,6,1000,3374.1745138168335
tuberculosis_rn18_250,0.5140852332115173,0.7227485179901123,-0.0,8,1000,3357.174696445465
tuberculosis_rn18_250,0.5134697556495667,0.7213965058326721,-0.0,12,1000,3326.1133074760437
tuberculosis_rn18_250,0.51322340965271,0.7208567261695862,-0.0,9,1000,3430.5871748924255
tuberculosis_rn18_250,0.5127027034759521,0.7197191715240479,-0.0,11,1000,3441.943685531616
tuberculosis_rn18_250,0.5121423602104187,0.7184991836547852,-0.0,10,1000,3466.320164680481
tuberculosis_rn18_250,0.5120949745178223,0.7183963060379028,-0.0,15,1000,3350.730619907379
tuberculosis_rn18_250,0.5126399397850037,0.7195822596549988,-0.0,18,1000,3320.5491914749146
tuberculosis_rn18_250,0.5122805237770081,0.7187996506690979,-0.0,14,1000,3385.10919380188
tuberculosis_rn18_250,0.5131796002388,0.7207610011100769,-0.0,21,1000,3293.6380751132965
tuberculosis_rn18_250,0.513716995716095,0.721938967704773,-0.0,17,1000,3393.801345348358
tuberculosis_rn18_250,0.5123840570449829,0.7190250158309937,-0.0,16,1000,3488.644814014435
tuberculosis_rn18_250,0.5132896304130554,0.7210018634796143,-0.0,20,1000,3471.7940752506256
tuberculosis_rn18_250,0.5128272175788879,0.7199909687042236,-0.0,13,1000,3610.305717945099
tuberculosis_rn18_250,0.5137197971343994,0.7219453454017639,-0.0,24,1000,3414.775883436203
tuberculosis_rn18_250,0.5126836895942688,0.7196778059005737,-0.0,23,1000,3429.492860555649
tuberculosis_rn18_250,0.5140619277954102,0.7226971983909607,-0.0,19,1000,3579.0226283073425
tuberculosis_rn18_250,0.5126383900642395,0.7195791006088257,-0.0,26,1000,3456.977932214737
tuberculosis_rn18_250,0.5132222175598145,0.7208542227745056,-0.0,25,1000,3541.806097507477
tuberculosis_rn18_250,0.513640284538269,0.7217705845832825,-0.0,28,1000,3494.0982801914215
tuberculosis_rn18_250,0.5137349367141724,0.7219784259796143,-0.0,22,1000,3636.440029859543
tuberculosis_rn18_250,0.5125026106834412,0.7192830443382263,-0.0,27,1000,3634.6052656173706
tuberculosis_rn18_250,0.513711154460907,0.721926212310791,-0.0,29,1000,3613.745836019516
tuberculosis_rn34_10,0.5161713361740112,0.727325975894928,-0.0,1,1000,766.9946343898773
tuberculosis_rn34_10,0.5170061588287354,0.7291908860206604,-0.0,0,1000,825.45556807518
tuberculosis_rn34_10,0.5129998922348022,0.7203344106674194,-0.0,3,1000,439.83094096183777
tuberculosis_rn34_10,0.5158368945121765,0.7265816926956177,-0.0,2,1000,563.5216083526611
tuberculosis_rn34_10,0.5158991813659668,0.7267202138900757,-0.0,4,1000,566.9704797267914
tuberculosis_rn34_10,0.5173105597496033,0.7298734188079834,-0.0,5,1000,555.1652331352234
tuberculosis_rn18_500,0.5125765204429626,0.7194594144821167,-0.0,0,1000,5986.278217792511
tuberculosis_rn34_10,0.5133592486381531,0.7211192846298218,-0.0,6,1000,504.0722918510437
tuberculosis_rn34_10,0.5128946304321289,0.7201048135757446,-0.0,7,1000,535.3999953269958
tuberculosis_rn18_500,0.5132207274436951,0.720867395401001,-0.0,1,1000,6075.019227027893
tuberculosis_rn34_10,0.5144847631454468,0.7235897779464722,-0.0,8,1000,506.62575578689575
tuberculosis_rn34_10,0.5131385922431946,0.7206372618675232,-0.0,9,1000,517.017984867096
tuberculosis_rn34_10,0.5173772573471069,0.7300232648849487,-0.0,11,1000,505.23167061805725
tuberculosis_rn34_10,0.5171743631362915,0.7295679450035095,-0.0,10,1000,539.3204271793365
tuberculosis_rn34_10,0.5132270455360413,0.7208303809165955,-0.0,12,1000,487.4995393753052
tuberculosis_rn34_10,0.5172045230865479,0.7296355962753296,-0.0,13,1000,639.1427459716797
tuberculosis_rn34_10,0.5172222852706909,0.7296751737594604,-0.0,14,1000,573.7170262336731
tuberculosis_rn34_10,0.5177304148674011,0.7308172583580017,-0.0,15,1000,560.8067803382874
tuberculosis_rn34_10,0.5171406865119934,0.7294923663139343,-0.0,16,1000,553.2260110378265
tuberculosis_rn18_500,0.5131974220275879,0.7208163142204285,-0.0,2,1000,5883.6945922374725
tuberculosis_rn18_500,0.5129076838493347,0.7201823592185974,-0.0,3,1000,5961.004540205002
tuberculosis_rn34_10,0.5176396369934082,0.7306129932403564,-0.0,17,1000,576.5852510929108
tuberculosis_rn34_10,0.5132272839546204,0.7208307981491089,-0.0,19,1000,533.0947828292847
tuberculosis_rn34_10,0.5170700550079346,0.7293342351913452,-0.0,18,1000,538.1839065551758
tuberculosis_rn18_500,0.5126613974571228,0.7196446061134338,-0.0,4,1000,5811.357705831528
tuberculosis_rn34_10,0.5159858465194702,0.7269130349159241,-0.0,20,1000,513.4053890705109
tuberculosis_rn18_500,0.5131935477256775,0.7208077907562256,-0.0,6,1000,5660.938489675522
tuberculosis_rn34_10,0.5130370259284973,0.7204155921936035,-0.0,21,1000,562.7478730678558
tuberculosis_rn18_500,0.5132270455360413,0.7208811640739441,-0.0,5,1000,5748.271830797195
tuberculosis_rn34_10,0.517329752445221,0.729916512966156,-0.0,22,1000,562.5602519512177
tuberculosis_rn34_10,0.5134156942367554,0.7212426066398621,-0.0,24,1000,506.58189392089844
tuberculosis_rn34_10,0.513228178024292,0.7208328247070312,-0.0,25,1000,542.0150980949402
tuberculosis_rn34_10,0.5131322145462036,0.720623254776001,-0.0,23,1000,583.1616985797882
tuberculosis_rn18_500,0.5131565928459167,0.7207269072532654,-0.0,7,1000,5865.368421077728
tuberculosis_rn18_500,0.5129905939102173,0.7203636169433594,-0.0,11,1000,5593.206506729126
tuberculosis_rn18_500,0.5128186345100403,0.719987690448761,-0.0,13,1000,5500.334085941315
tuberculosis_rn18_500,0.5128499269485474,0.7200562357902527,-0.0,10,1000,5658.761679172516
tuberculosis_rn18_500,0.5125553607940674,0.7194130420684814,-0.0,8,1000,5768.9131491184235
tuberculosis_rn18_500,0.5126988887786865,0.7197264432907104,-0.0,12,1000,5578.729878664017
tuberculosis_rn18_500,0.5127758979797363,0.7198944091796875,-0.0,17,1000,5511.59401845932
tuberculosis_rn34_10,0.5132309198379517,0.720838725566864,-0.0,26,1000,503.91993260383606
tuberculosis_rn18_500,0.5131609439849854,0.7207363843917847,-0.0,20,1000,5437.091020584106
tuberculosis_rn34_10,0.5123879313468933,0.7190020680427551,-0.0,27,1000,536.5243883132935
tuberculosis_rn18_500,0.5131584405899048,0.7207308411598206,-0.0,9,1000,5837.234915971756
tuberculosis_rn18_500,0.513141930103302,0.7206948399543762,-0.0,18,1000,5566.589636564255
tuberculosis_rn18_500,0.5127176642417908,0.7197672128677368,-0.0,14,1000,5656.79931640625
tuberculosis_rn18_500,0.5127354860305786,0.7198063135147095,-0.0,21,1000,5440.798633575439
tuberculosis_rn18_500,0.5125592350959778,0.7194215059280396,-0.0,26,1000,5346.323625087738
tuberculosis_rn34_10,0.5170150995254517,0.7292109131813049,-0.0,28,1000,580.2590999603271
tuberculosis_rn18_500,0.5124766826629639,0.719241738319397,-0.0,16,1000,5680.497545719147
tuberculosis_rn18_500,0.5132243633270264,0.7208753824234009,-0.0,19,1000,5646.13543009758
tuberculosis_rn34_10,0.5126857161521912,0.7196496725082397,-0.0,29,1000,576.1900978088379
tuberculosis_rn18_500,0.5127878785133362,0.7199206352233887,-0.0,29,1000,5330.170128822327
tuberculosis_rn18_500,0.5127180218696594,0.7197681665420532,-0.0,22,1000,5588.291483402252
tuberculosis_rn18_500,0.5126941204071045,0.71971595287323,-0.0,15,1000,5814.46935915947
tuberculosis_rn18_500,0.5126665234565735,0.7196556925773621,-0.0,24,1000,5656.554049253464
tuberculosis_rn18_500,0.5123403072357178,0.7189443111419678,-0.0,25,1000,5629.1766839027405
tuberculosis_rn18_500,0.513106107711792,0.7206162810325623,-0.0,23,1000,5710.76966047287
tuberculosis_rn18_500,0.5128147602081299,0.7199792861938477,-0.0,28,1000,5586.557782173157
tuberculosis_rn18_500,0.51301109790802,0.7204083800315857,-0.0,27,1000,5621.514117240906
tuberculosis_rn34_50,0.5135223269462585,0.7214861512184143,-0.0,0,1000,937.8773505687714
tuberculosis_rn34_50,0.5125349164009094,0.7193306088447571,-0.0,2,1000,930.0065343379974
tuberculosis_rn34_50,0.5116344094276428,0.7173767685890198,-0.0,1,1000,982.2287559509277
tuberculosis_rn34_50,0.5149540305137634,0.7246365547180176,-0.0,4,1000,954.6218581199646
tuberculosis_rn34_50,0.5121824145317078,0.7185643911361694,-0.0,3,1000,1007.3869421482086
tuberculosis_rn34_50,0.5121896862983704,0.7185800671577454,-0.0,9,1000,871.735045671463
tuberculosis_rn34_50,0.5142971873283386,0.7231874465942383,-0.0,5,1000,947.4781062602997
tuberculosis_rn34_50,0.5139499306678772,0.7224240303039551,-0.0,6,1000,914.6429717540741
tuberculosis_rn34_50,0.515346884727478,0.7255063056945801,-0.0,8,1000,912.4517021179199
tuberculosis_rn34_50,0.5114546418190002,0.7169879674911499,-0.0,11,1000,942.1987996101379
tuberculosis_rn34_50,0.5149112939834595,0.7245422005653381,-0.0,10,1000,969.4999361038208
tuberculosis_rn34_50,0.5143383145332336,0.7232781648635864,-0.0,7,1000,1009.6118223667145
tuberculosis_rn34_50,0.5144585371017456,0.7235428094863892,-0.0,12,1000,970.5538399219513
tuberculosis_rn34_50,0.5123674273490906,0.7189662456512451,-0.0,14,1000,941.1664197444916
tuberculosis_rn34_50,0.5157564282417297,0.7264154553413391,-0.0,13,1000,955.9405026435852
tuberculosis_rn34_50,0.5126679539680481,0.7196202874183655,-0.0,15,1000,921.0271332263947
tuberculosis_rn34_50,0.5129897594451904,0.7203216552734375,-0.0,17,1000,971.8806707859039
tuberculosis_rn34_50,0.5145259499549866,0.7236915230751038,-0.0,20,1000,932.2600409984589
tuberculosis_rn34_50,0.5145087242126465,0.7236534953117371,-0.0,16,1000,997.7497138977051
tuberculosis_rn34_50,0.51186203956604,0.7178696393966675,-0.0,19,1000,998.4234285354614
tuberculosis_rn34_50,0.5142043828964233,0.7229833602905273,-0.0,21,1000,974.4735767841339
tuberculosis_rn34_50,0.5129973888397217,0.7203382849693298,-0.0,23,1000,932.0286011695862
tuberculosis_rn34_50,0.5148728489875793,0.7244572639465332,-0.0,26,1000,878.2944495677948
tuberculosis_rn34_50,0.5118897557258606,0.7179295420646667,-0.0,24,1000,907.3551213741302
tuberculosis_rn34_50,0.5157008171081543,0.7262918949127197,-0.0,18,1000,1030.42919588089
tuberculosis_rn34_50,0.5144250392913818,0.723469078540802,-0.0,25,1000,906.3925852775574
tuberculosis_rn34_50,0.514674186706543,0.7240185737609863,-0.0,22,1000,1009.5114574432373
tuberculosis_rn34_50,0.5145542025566101,0.7237535715103149,-0.0,27,1000,962.2266917228699
tuberculosis_rn34_50,0.5156593918800354,0.7262000441551208,-0.0,28,1000,973.3432974815369
tuberculosis_rn34_50,0.5146024227142334,0.7238601446151733,-0.0,29,1000,996.6263024806976
tuberculosis_rn34_100,0.511930525302887,0.7180302143096924,-0.0,1,1000,1348.2609932422638
tuberculosis_rn34_100,0.5126414895057678,0.7195759415626526,-0.0,0,1000,1413.8678181171417
tuberculosis_rn34_100,0.5126875638961792,0.7196763157844543,-0.0,4,1000,1308.9306876659393
tuberculosis_rn34_100,0.5127103924751282,0.7197259664535522,-0.0,2,1000,1445.4134187698364
tuberculosis_rn34_100,0.5133625268936157,0.7211506962776184,-0.0,3,1000,1422.2731065750122
tuberculosis_rn34_100,0.5132631063461304,0.7209330201148987,-0.0,5,1000,1380.3964974880219
tuberculosis_rn34_100,0.5124052166938782,0.7190613746643066,-0.0,6,1000,1412.2794604301453
tuberculosis_rn34_100,0.5140368342399597,0.7226303219795227,-0.0,8,1000,1361.6559302806854
tuberculosis_rn34_100,0.5124222636222839,0.7190983295440674,-0.0,10,1000,1390.1514542102814
tuberculosis_rn34_100,0.5141274929046631,0.7228297591209412,-0.0,7,1000,1405.4261000156403
tuberculosis_rn34_100,0.5137797594070435,0.7220654487609863,-0.0,9,1000,1417.9739615917206
tuberculosis_rn34_100,0.5137183666229248,0.721930742263794,-0.0,11,1000,1354.642341852188
tuberculosis_rn34_100,0.513830840587616,0.7221776843070984,-0.0,14,1000,1387.3934156894684
tuberculosis_rn34_100,0.5124542713165283,0.719167947769165,-0.0,13,1000,1462.2475390434265
tuberculosis_rn34_100,0.5117321610450745,0.7176002264022827,-0.0,19,1000,1340.5827741622925
tuberculosis_rn34_100,0.5125730037689209,0.7194265723228455,-0.0,12,1000,1486.2464816570282
tuberculosis_rn34_100,0.5132642388343811,0.720935583114624,-0.0,16,1000,1433.2206695079803
tuberculosis_rn34_100,0.5120542049407959,0.7182984948158264,-0.0,15,1000,1479.3049721717834
tuberculosis_rn34_100,0.5121951103210449,0.7186043858528137,-0.0,20,1000,1390.9432678222656
tuberculosis_rn34_100,0.5136458873748779,0.721771776676178,-0.0,18,1000,1442.9621422290802
tuberculosis_rn34_100,0.5138464570045471,0.722212016582489,-0.0,17,1000,1508.1889004707336
tuberculosis_rn34_100,0.5138874053955078,0.7223018407821655,-0.0,25,1000,1367.497881412506
tuberculosis_rn34_100,0.5119454264640808,0.7180626392364502,-0.0,24,1000,1405.7026257514954
tuberculosis_rn34_100,0.5118602514266968,0.7178778648376465,-0.0,23,1000,1432.3539168834686
tuberculosis_rn34_100,0.5126469135284424,0.7195874452590942,-0.0,27,1000,1408.8641130924225
tuberculosis_rn34_100,0.512067973613739,0.7183284759521484,-0.0,22,1000,1466.3929014205933
tuberculosis_rn34_100,0.5121185183525085,0.7184379696846008,-0.0,26,1000,1445.2746922969818
tuberculosis_rn34_100,0.5121524333953857,0.7185118794441223,-0.0,21,1000,1494.3104631900787
tuberculosis_rn34_100,0.5137823224067688,0.7220711708068848,-0.0,28,1000,1492.4366602897644
tuberculosis_rn34_100,0.5140607953071594,0.7226831316947937,-0.0,29,1000,1415.83145737648
tuberculosis_rn34_250,0.5141155123710632,0.7228152751922607,-0.0,0,1000,3374.5965819358826
tuberculosis_rn34_250,0.5128269195556641,0.7199901342391968,-0.0,1,1000,3341.161864757538
tuberculosis_rn34_250,0.5126010775566101,0.7194974422454834,-0.0,2,1000,3540.296221256256
tuberculosis_rn34_250,0.5125914812088013,0.7194765210151672,-0.0,3,1000,3690.4789826869965
tuberculosis_rn34_250,0.5136162638664246,0.7217178344726562,-0.0,5,1000,3540.504625558853
tuberculosis_rn34_250,0.5126171112060547,0.7195326089859009,-0.0,6,1000,3514.689804792404
tuberculosis_rn34_250,0.5122964382171631,0.7188343405723572,-0.0,4,1000,3596.537138223648
tuberculosis_rn34_250,0.5124309659004211,0.7191270589828491,-0.0,7,1000,3639.377288341522
tuberculosis_rn34_250,0.5127947926521301,0.7199201583862305,-0.0,8,1000,3631.6790137290955
tuberculosis_rn34_250,0.5134620070457458,0.7213795185089111,-0.0,10,1000,3618.13658285141
tuberculosis_rn34_250,0.5131883025169373,0.720780074596405,-0.0,9,1000,3702.2050638198853
tuberculosis_rn34_250,0.5135263800621033,0.7215206623077393,-0.0,11,1000,3745.810739994049
tuberculosis_rn34_250,0.5123795866966248,0.7190151810646057,-0.0,13,1000,3716.9608726501465
tuberculosis_rn34_250,0.5135247111320496,0.7215169668197632,-0.0,12,1000,3759.6791961193085
tuberculosis_rn34_250,0.5121192932128906,0.7184491157531738,-0.0,15,1000,3639.052451610565
tuberculosis_rn34_250,0.5131513476371765,0.7206991314888,-0.0,20,1000,3573.1329617500305
tuberculosis_rn34_250,0.5136053562164307,0.7216939330101013,-0.0,19,1000,3683.7230072021484
tuberculosis_rn34_250,0.5139501094818115,0.7224512100219727,-0.0,16,1000,3781.2977905273438
tuberculosis_rn34_250,0.5125764012336731,0.7194438576698303,-0.0,17,1000,3789.1442351341248
tuberculosis_rn34_250,0.5122867226600647,0.7188131809234619,-0.0,14,1000,3850.7185711860657
tuberculosis_rn34_250,0.5127674341201782,0.719860315322876,-0.0,21,1000,3726.7889728546143
tuberculosis_rn34_250,0.5136384963989258,0.7217667102813721,-0.0,23,1000,3723.5497176647186
tuberculosis_rn34_250,0.5124753713607788,0.7192237973213196,-0.0,27,1000,3670.2288818359375
tuberculosis_rn34_250,0.512834370136261,0.7200064659118652,-0.0,24,1000,3745.3481211662292
tuberculosis_rn34_250,0.5137374401092529,0.7219839096069336,-0.0,25,1000,3756.378707408905
tuberculosis_rn34_250,0.5122407078742981,0.7187132239341736,-0.0,26,1000,3752.592852115631
tuberculosis_rn34_250,0.5125349760055542,0.7193536758422852,-0.0,28,1000,3769.9892258644104
tuberculosis_rn34_250,0.5125506520271301,0.7193877696990967,-0.0,29,1000,3766.1720867156982
tuberculosis_rn34_250,0.5136736631393433,0.7218437790870667,-0.0,18,1000,3971.0160839557648
tuberculosis_rn34_250,0.512248694896698,0.7187305688858032,-0.0,22,1000,3900.3680291175842
tuberculosis_rn50_10,0.5158997774124146,0.7267215847969055,-0.0,1,1000,407.33125591278076
tuberculosis_rn50_10,0.5129583477973938,0.7202439308166504,-0.0,0,1000,504.3532643318176
tuberculosis_rn50_10,0.5171107649803162,0.729425311088562,-0.0,2,1000,502.18649435043335
tuberculosis_rn50_10,0.5171427130699158,0.7294970750808716,-0.0,3,1000,563.807131767273
tuberculosis_rn50_10,0.5124317407608032,0.7190974354743958,-0.0,4,1000,521.8756368160248
tuberculosis_rn50_10,0.5154061913490295,0.7256256937980652,-0.0,5,1000,473.9166865348816
tuberculosis_rn50_10,0.5147165656089783,0.7241008281707764,-0.0,6,1000,523.2885167598724
tuberculosis_rn50_10,0.5130083560943604,0.7203528881072998,-0.0,7,1000,508.28147053718567
tuberculosis_rn34_500,0.5131619572639465,0.7207385301589966,-0.0,0,1000,6066.718157291412
tuberculosis_rn34_500,0.5128600001335144,0.7200780510902405,-0.0,1,1000,6029.487347364426
tuberculosis_rn50_10,0.5131534934043884,0.720669686794281,-0.0,8,1000,574.1040046215057
tuberculosis_rn50_10,0.513369083404541,0.7211408615112305,-0.0,9,1000,569.8116788864136
tuberculosis_rn50_10,0.5173518061637878,0.7299661040306091,-0.0,10,1000,560.4734606742859
tuberculosis_rn50_10,0.5173882842063904,0.7300480604171753,-0.0,11,1000,599.1915452480316
tuberculosis_rn50_10,0.5159110426902771,0.7267463803291321,-0.0,12,1000,563.6394624710083
tuberculosis_rn50_10,0.5146251320838928,0.7238990068435669,-0.0,13,1000,551.5693984031677
tuberculosis_rn50_10,0.5173995494842529,0.7300732135772705,-0.0,14,1000,494.5925061702728
tuberculosis_rn50_10,0.5132355093955994,0.7208488583564758,-0.0,15,1000,543.1862680912018
tuberculosis_rn50_10,0.517448365688324,0.7301830053329468,-0.0,17,1000,508.05144023895264
tuberculosis_rn50_10,0.5131818056106567,0.7207316756248474,-0.0,16,1000,588.6662962436676
tuberculosis_rn34_500,0.5131072402000427,0.7206189036369324,-0.0,2,1000,5669.977528095245
tuberculosis_rn50_10,0.5171666741371155,0.7295506596565247,-0.0,18,1000,550.5472264289856
tuberculosis_rn34_500,0.512704074382782,0.7197375297546387,-0.0,3,1000,5676.37619638443
tuberculosis_rn50_10,0.5133976936340332,0.7212034463882446,-0.0,19,1000,541.9095408916473
tuberculosis_rn34_500,0.5131617784500122,0.7207381725311279,-0.0,5,1000,5279.205295324326
tuberculosis_rn50_10,0.5130227208137512,0.7203841209411621,-0.0,20,1000,583.7145166397095
tuberculosis_rn34_500,0.5131837725639343,0.720786452293396,-0.0,4,1000,5583.097097158432
tuberculosis_rn34_500,0.5129753351211548,0.7203301787376404,-0.0,6,1000,5360.032553195953
tuberculosis_rn50_10,0.513251006603241,0.7208827137947083,-0.0,21,1000,586.4316833019257
tuberculosis_rn50_10,0.5173482298851013,0.7299579977989197,-0.0,23,1000,515.3575003147125
tuberculosis_rn50_10,0.5173506140708923,0.7299635410308838,-0.0,22,1000,543.6739773750305
tuberculosis_rn50_10,0.5126268267631531,0.7195215225219727,-0.0,24,1000,530.1033728122711
tuberculosis_rn34_500,0.5126794576644897,0.7196839451789856,-0.0,8,1000,5393.768462181091
tuberculosis_rn34_500,0.5126885175704956,0.7197036743164062,-0.0,16,1000,4956.469210147858
tuberculosis_rn34_500,0.5131719708442688,0.7207604646682739,-0.0,9,1000,5322.7517964839935
tuberculosis_rn34_500,0.5124287605285645,0.7191371321678162,-0.0,7,1000,5478.204859495163
tuberculosis_rn34_500,0.5132530331611633,0.7209381461143494,-0.0,17,1000,5033.520870447159
tuberculosis_rn50_10,0.5173153877258301,0.7298843860626221,-0.0,25,1000,585.167861700058
tuberculosis_rn34_500,0.5127561092376709,0.7198511362075806,-0.0,13,1000,5163.16170668602
tuberculosis_rn34_500,0.5127921104431152,0.7199298143386841,-0.0,15,1000,5168.53641295433
tuberculosis_rn34_500,0.5129379630088806,0.7202485203742981,-0.0,14,1000,5210.181173324585
tuberculosis_rn34_500,0.5130042433738708,0.7203934192657471,-0.0,10,1000,5416.089132785797
tuberculosis_rn34_500,0.5132133960723877,0.7208513021469116,-0.0,19,1000,5067.796074151993
tuberculosis_rn34_500,0.5128846168518066,0.7201319932937622,-0.0,12,1000,5381.391300678253
tuberculosis_rn34_500,0.5131157636642456,0.7206375598907471,-0.0,24,1000,5041.025527000427
tuberculosis_rn34_500,0.5128150582313538,0.7199799418449402,-0.0,11,1000,5479.386738061905
tuberculosis_rn34_500,0.5129078030586243,0.7201827168464661,-0.0,25,1000,5078.860093593597
tuberculosis_rn50_10,0.5125910043716431,0.7194435000419617,-0.0,26,1000,552.4729273319244
tuberculosis_rn34_500,0.512684166431427,0.7196941375732422,-0.0,20,1000,5194.369493722916
tuberculosis_rn34_500,0.512696385383606,0.7197207808494568,-0.0,23,1000,5176.902333021164
tuberculosis_rn34_500,0.5131356120109558,0.7206809520721436,-0.0,21,1000,5246.035494565964
tuberculosis_rn34_500,0.5130631327629089,0.720522403717041,-0.0,18,1000,5316.292663097382
tuberculosis_rn34_500,0.5128677487373352,0.7200950980186462,-0.0,27,1000,5150.528585910797
tuberculosis_rn50_10,0.5134032368659973,0.721215546131134,-0.0,27,1000,596.2657942771912
tuberculosis_rn34_500,0.512932538986206,0.7202367186546326,-0.0,26,1000,5158.957269191742
tuberculosis_rn34_500,0.5133687853813171,0.7211918830871582,-0.0,22,1000,5279.906778812408
tuberculosis_rn50_10,0.5156455039978027,0.7261565923690796,-0.0,29,1000,595.1491529941559
tuberculosis_rn50_10,0.5172900557518005,0.729827344417572,-0.0,28,1000,636.2530426979065
tuberculosis_rn34_500,0.5127767324447632,0.7198962569236755,-0.0,29,1000,5211.694062709808
tuberculosis_rn34_500,0.5127244591712952,0.7197820544242859,-0.0,28,1000,5238.242661476135
tuberculosis_rn50_50,0.5153424143791199,0.7254965305328369,-0.0,1,1000,917.1723663806915
tuberculosis_rn50_50,0.5122707486152649,0.7187562584877014,-0.0,0,1000,1044.673196554184
tuberculosis_rn50_50,0.5125840306282043,0.7194373607635498,-0.0,4,1000,979.0535099506378
tuberculosis_rn50_50,0.5159996151924133,0.7269563674926758,-0.0,5,1000,995.5274233818054
tuberculosis_rn50_50,0.51235032081604,0.71892911195755,-0.0,7,1000,930.7391574382782
tuberculosis_rn50_50,0.5118539929389954,0.7178521752357483,-0.0,2,1000,1058.9240913391113
tuberculosis_rn50_50,0.5125831961631775,0.719435453414917,-0.0,3,1000,1058.9837713241577
tuberculosis_rn50_50,0.5146225690841675,0.7239046096801758,-0.0,6,1000,1001.180926322937
tuberculosis_rn50_50,0.51234370470047,0.7189146876335144,-0.0,12,1000,922.1162371635437
tuberculosis_rn50_50,0.5127545595169067,0.7198087573051453,-0.0,8,1000,1049.0575540065765
tuberculosis_rn50_50,0.512912929058075,0.7201539874076843,-0.0,9,1000,1032.7361478805542
tuberculosis_rn50_50,0.5146986246109009,0.7240724563598633,-0.0,10,1000,1005.2784900665283
tuberculosis_rn50_50,0.5128254890441895,0.7199634909629822,-0.0,11,1000,984.4443957805634
tuberculosis_rn50_50,0.5157098770141602,0.7263121008872986,-0.0,14,1000,920.0245661735535
tuberculosis_rn50_50,0.5121079683303833,0.7184028029441833,-0.0,13,1000,962.3043262958527
tuberculosis_rn50_50,0.5154257416725159,0.7256811857223511,-0.0,15,1000,959.7866563796997
tuberculosis_rn50_50,0.5151100754737854,0.7249817252159119,-0.0,17,1000,916.7441203594208
tuberculosis_rn50_50,0.5122963190078735,0.7188116312026978,-0.0,18,1000,890.4150693416595
tuberculosis_rn50_50,0.5117158889770508,0.7175530791282654,-0.0,16,1000,1015.9607176780701
tuberculosis_rn50_50,0.5129051804542542,0.7201372385025024,-0.0,20,1000,967.0332937240601
tuberculosis_rn50_50,0.5154479146003723,0.7257305383682251,-0.0,24,1000,905.0331101417542
tuberculosis_rn50_50,0.5121712684631348,0.7185401320457458,-0.0,19,1000,1020.3198671340942
tuberculosis_rn50_50,0.5147334337234497,0.7241493463516235,-0.0,22,1000,958.2081234455109
tuberculosis_rn50_50,0.5148287415504456,0.7243599891662598,-0.0,28,1000,895.5208690166473
tuberculosis_rn50_50,0.5169798135757446,0.7291460037231445,-0.0,25,1000,975.7718963623047
tuberculosis_rn50_50,0.5135641098022461,0.721577525138855,-0.0,21,1000,1044.2903962135315
tuberculosis_rn50_50,0.5151042938232422,0.724969208240509,-0.0,27,1000,939.8082149028778
tuberculosis_rn50_50,0.5149261951446533,0.7245751023292542,-0.0,23,1000,1003.8428490161896
tuberculosis_rn50_50,0.5152384638786316,0.7252660393714905,-0.0,26,1000,1031.9419763088226
tuberculosis_rn50_50,0.5148704648017883,0.7244519591331482,-0.0,29,1000,1003.9060549736023
tuberculosis_rn50_100,0.5142484903335571,0.7230962514877319,-0.0,1,1000,1351.9920029640198
tuberculosis_rn50_100,0.5139322280883789,0.7224006056785583,-0.0,0,1000,1468.2199490070343
tuberculosis_rn50_100,0.5137683153152466,0.7220403552055359,-0.0,2,1000,1470.664843082428
tuberculosis_rn50_100,0.5136797428131104,0.7218458652496338,-0.0,5,1000,1364.978786945343
tuberculosis_rn50_100,0.5123120546340942,0.7188585996627808,-0.0,3,1000,1400.0804240703583
tuberculosis_rn50_100,0.5138679146766663,0.7222592234611511,-0.0,6,1000,1391.1259570121765
tuberculosis_rn50_100,0.5123955011367798,0.7190400958061218,-0.0,7,1000,1383.4606380462646
tuberculosis_rn50_100,0.5136652588844299,0.7218143343925476,-0.0,4,1000,1476.7156119346619
tuberculosis_rn50_100,0.5137519836425781,0.7220047116279602,-0.0,8,1000,1441.3136293888092
tuberculosis_rn50_100,0.5116477012634277,0.7174171805381775,-0.0,9,1000,1414.9880282878876
tuberculosis_rn50_100,0.512474536895752,0.7192120552062988,-0.0,10,1000,1365.7063767910004
tuberculosis_rn50_100,0.5125983357429504,0.7194817066192627,-0.0,12,1000,1374.0882740020752
tuberculosis_rn50_100,0.512192964553833,0.7185997366905212,-0.0,15,1000,1383.7388122081757
tuberculosis_rn50_100,0.5121721029281616,0.7185543775558472,-0.0,17,1000,1348.1871902942657
tuberculosis_rn50_100,0.5138739347457886,0.7222721576690674,-0.0,16,1000,1401.506841659546
tuberculosis_rn50_100,0.5138711929321289,0.7222663164138794,-0.0,13,1000,1419.379401922226
tuberculosis_rn50_100,0.5141763687133789,0.7229375243186951,-0.0,14,1000,1462.0605127811432
tuberculosis_rn50_100,0.5138413310050964,0.7222008109092712,-0.0,11,1000,1516.0632638931274
tuberculosis_rn50_100,0.5140838027000427,0.7227336764335632,-0.0,19,1000,1432.820425748825
tuberculosis_rn50_100,0.5125209093093872,0.7193132042884827,-0.0,20,1000,1437.927535533905
tuberculosis_rn50_100,0.5124727487564087,0.7192080616950989,-0.0,18,1000,1493.810949087143
tuberculosis_rn50_100,0.5136677622795105,0.7218196392059326,-0.0,23,1000,1358.6821036338806
tuberculosis_rn50_100,0.5119968056678772,0.7181739807128906,-0.0,22,1000,1369.152027606964
tuberculosis_rn50_100,0.5125564336776733,0.7193906307220459,-0.0,24,1000,1390.8319911956787
tuberculosis_rn50_100,0.512408971786499,0.7190693616867065,-0.0,21,1000,1451.3673412799835
tuberculosis_rn50_100,0.5141041874885559,0.7227784395217896,-0.0,25,1000,1386.8600277900696
tuberculosis_rn50_100,0.5138940811157227,0.7223166227340698,-0.0,26,1000,1376.1613419055939
tuberculosis_rn50_100,0.5138468742370605,0.7222129702568054,-0.0,29,1000,1375.4819374084473
tuberculosis_rn50_100,0.5130914449691772,0.7205579280853271,-0.0,28,1000,1394.7767465114594
tuberculosis_rn50_100,0.5125463008880615,0.7193683981895447,-0.0,27,1000,1534.499038696289
tuberculosis_rn50_250,0.5130988955497742,0.7205843925476074,-0.0,0,1000,3063.5464038848877
tuberculosis_rn50_250,0.5128714442253113,0.7200874090194702,-0.0,1,1000,3062.3040466308594
tuberculosis_rn50_250,0.5138217806816101,0.7221689820289612,-0.0,2,1000,3160.874112844467
tuberculosis_rn50_250,0.5125901699066162,0.7194737792015076,-0.0,3,1000,3212.5984501838684
tuberculosis_rn50_250,0.5131880640983582,0.720779538154602,-0.0,9,1000,2987.1817803382874
tuberculosis_rn50_250,0.5138692259788513,0.7222733497619629,-0.0,5,1000,3085.4639818668365
tuberculosis_rn50_250,0.5134215950965881,0.7212909460067749,-0.0,4,1000,3109.5467500686646
tuberculosis_rn50_250,0.5126569271087646,0.7196193337440491,-0.0,6,1000,3125.2631685733795
tuberculosis_rn50_250,0.512565016746521,0.7194191813468933,-0.0,10,1000,3035.3086516857147
tuberculosis_rn50_250,0.5125743746757507,0.7194393873214722,-0.0,12,1000,3015.7828238010406
tuberculosis_rn50_250,0.5131930112838745,0.7207903265953064,-0.0,7,1000,3163.332025527954
tuberculosis_rn50_250,0.512212872505188,0.718652606010437,-0.0,8,1000,3169.4773077964783
tuberculosis_rn50_250,0.5133644342422485,0.7211657762527466,-0.0,13,1000,3134.1712090969086
tuberculosis_rn50_250,0.5139215588569641,0.7223885655403137,-0.0,14,1000,3123.8565533161163
tuberculosis_rn50_250,0.5132353901863098,0.7208830714225769,-0.0,11,1000,3224.170819759369
tuberculosis_rn50_250,0.5136688947677612,0.7218332290649414,-0.0,15,1000,3153.8069581985474
tuberculosis_rn50_250,0.5122641324996948,0.7187638878822327,-0.0,17,1000,3156.601715326309
tuberculosis_rn50_250,0.5138946771621704,0.7223293781280518,-0.0,20,1000,3097.340605735779
tuberculosis_rn50_250,0.5121973752975464,0.7186190485954285,-0.0,24,1000,3035.9578082561493
tuberculosis_rn50_250,0.5127354860305786,0.7197906970977783,-0.0,16,1000,3218.3213016986847
tuberculosis_rn50_250,0.5133392214775085,0.7211105227470398,-0.0,19,1000,3154.745973110199
tuberculosis_rn50_250,0.5135916471481323,0.7216637134552002,-0.0,18,1000,3162.30761384964
tuberculosis_rn50_250,0.5129687190055847,0.7202999591827393,-0.0,29,1000,3001.754279613495
tuberculosis_rn50_250,0.5135166645050049,0.7214993834495544,-0.0,28,1000,3101.440081834793
tuberculosis_rn50_250,0.5123469233512878,0.7189441919326782,-0.0,21,1000,3234.747312068939
tuberculosis_rn50_250,0.5124739408493042,0.7192206978797913,-0.0,23,1000,3245.0122356414795
tuberculosis_rn50_250,0.5137062668800354,0.7219153046607971,-0.0,27,1000,3193.9545295238495
tuberculosis_rn50_250,0.5130758285522461,0.720534086227417,-0.0,22,1000,3273.1696588993073
tuberculosis_rn50_250,0.5125492215156555,0.7193847298622131,-0.0,25,1000,3289.6373624801636
tuberculosis_rn50_250,0.512997567653656,0.7203630208969116,-0.0,26,1000,3272.2715632915497
tuberculosis_rn50_500,0.5129414796829224,0.7202562093734741,-0.0,0,1000,6053.367898464203
tuberculosis_rn50_500,0.5130863189697266,0.7205731272697449,-0.0,1,1000,6029.279758214951
tuberculosis_rn50_500,0.5127482414245605,0.7198340892791748,-0.0,2,1000,6051.858147859573
tuberculosis_rn50_500,0.5126625895500183,0.7196471095085144,-0.0,3,1000,6129.152663469315
tuberculosis_rn50_500,0.5126762986183167,0.7196770310401917,-0.0,4,1000,5993.6548845767975
tuberculosis_rn50_500,0.5127627849578857,0.7198657393455505,-0.0,5,1000,5966.729208946228
tuberculosis_rn50_500,0.512776255607605,0.7198951840400696,-0.0,8,1000,5817.9623510837555
tuberculosis_rn50_500,0.5126700401306152,0.7196633815765381,-0.0,9,1000,5839.944425582886
tuberculosis_rn50_500,0.5128441452980042,0.720043420791626,-0.0,11,1000,5862.745206356049
tuberculosis_rn50_500,0.512366533279419,0.7190016508102417,-0.0,6,1000,5964.951438426971
tuberculosis_rn50_500,0.5127889513969421,0.7199229598045349,-0.0,10,1000,5941.36457824707
tuberculosis_rn50_500,0.5127741098403931,0.7198905348777771,-0.0,7,1000,6012.418701887131
tuberculosis_rn50_500,0.5131635665893555,0.7207422256469727,-0.0,19,1000,5692.092787027359
tuberculosis_rn50_500,0.5126946568489075,0.7197170853614807,-0.0,14,1000,5823.91366815567
tuberculosis_rn50_500,0.5131819844245911,0.7207825183868408,-0.0,12,1000,5985.354686021805
tuberculosis_rn50_500,0.512758195400238,0.7198557257652283,-0.0,17,1000,5846.698350429535
tuberculosis_rn50_500,0.5129762291908264,0.7203323245048523,-0.0,13,1000,6012.526117563248
tuberculosis_rn50_500,0.5126512050628662,0.7196222543716431,-0.0,26,1000,5654.555531978607
tuberculosis_rn50_500,0.5125458836555481,0.7193923592567444,-0.0,18,1000,5885.247710943222
tuberculosis_rn50_500,0.5125124454498291,0.7193196415901184,-0.0,15,1000,5946.671495676041
tuberculosis_rn50_500,0.5126996636390686,0.7197279930114746,-0.0,16,1000,5960.626160621643
tuberculosis_rn50_500,0.5126404762268066,0.7195987701416016,-0.0,21,1000,5851.643018960953
tuberculosis_rn50_500,0.5128194689750671,0.7199894785881042,-0.0,22,1000,5867.505286455154
tuberculosis_rn50_500,0.5130829811096191,0.7205657958984375,-0.0,23,1000,5877.924392223358
tuberculosis_rn50_500,0.5134246349334717,0.7213143706321716,-0.0,20,1000,5904.444316625595
tuberculosis_rn50_500,0.5133334994316101,0.7211145162582397,-0.0,29,1000,5744.23991560936
tuberculosis_rn50_500,0.5127379894256592,0.7198116779327393,-0.0,25,1000,5861.567936897278
tuberculosis_rn50_500,0.5130628943443298,0.7205217480659485,-0.0,24,1000,5984.323329210281
tuberculosis_rn50_500,0.5125572085380554,0.7194170951843262,-0.0,28,1000,5886.026561021805
tuberculosis_rn50_500,0.5129932761192322,0.7203693985939026,-0.0,27,1000,5928.071868419647
